image,class,x_center,y_center,width,height,has_defect,orig_path
kos01_Part0.jpg,-1,-1.0,-1.0,-1.0,-1.0,0,kos01\Part0.jpg
kos01_Part1.jpg,-1,-1.0,-1.0,-1.0,-1.0,0,kos01\Part1.jpg
kos01_Part2.jpg,-1,-1.0,-1.0,-1.0,-1.0,0,kos01\Part2.jpg
kos01_Part3.jpg,-1,-1.0,-1.0,-1.0,-1.0,0,kos01\Part3.jpg
kos01_Part4.jpg,-1,-1.0,-1.0,-1.0,-1.0,0,kos01\Part4.jpg
kos01_Part5.jpg,0,0.865,0.481,0.146,0.01,1,kos01\Part5.jpg
kos01_Part5.jpg,0,0.769,0.475,0.002,0.002,1,kos01\Part5.jpg
kos01_Part5.jpg,0,0.729,0.473,0.038,0.01,1,kos01\Part5.jpg
kos01_Part5.jpg,0,0.646,0.471,0.108,0.014,1,kos01\Part5.jpg
kos01_Part5.jpg,0,0.519,0.459,0.142,0.018,1,kos01\Part5.jpg
kos01_Part6.jpg,-1,-1.0,-1.0,-1.0,-1.0,0,kos01\Part6.jpg
kos01_Part7.jpg,-1,-1.0,-1.0,-1.0,-1.0,0,kos01\Part7.jpg
kos02_Part0.jpg,-1,-1.0,-1.0,-1.0,-1.0,0,kos02\Part0.jpg
kos02_Part1.jpg,-1,-1.0,-1.0,-1.0,-1.0,0,kos02\Part1.jpg
kos02_Part2.jpg,-1,-1.0,-1.0,-1.0,-1.0,0,kos02\Part2.jpg
kos02_Part3.jpg,-1,-1.0,-1.0,-1.0,-1.0,0,kos02\Part3.jpg
kos02_Part4.jpg,-1,-1.0,-1.0,-1.0,-1.0,0,kos02\Part4.jpg
kos02_Part5.jpg,-1,-1.0,-1.0,-1.0,-1.0,0,kos02\Part5.jpg
kos02_Part6.jpg,0,0.93,0.503,0.012,0.002,1,kos02\Part6.jpg
kos02_Part6.jpg,0,0.874,0.505,0.252,0.022,1,kos02\Part6.jpg
kos02_Part7.jpg,-1,-1.0,-1.0,-1.0,-1.0,0,kos02\Part7.jpg
kos03_Part0.jpg,-1,-1.0,-1.0,-1.0,-1.0,0,kos03\Part0.jpg
kos03_Part1.jpg,-1,-1.0,-1.0,-1.0,-1.0,0,kos03\Part1.jpg
kos03_Part2.jpg,0,0.68,0.341,0.048,0.006,1,kos03\Part2.jpg
kos03_Part2.jpg,0,0.859,0.337,0.282,0.018,1,kos03\Part2.jpg
kos03_Part3.jpg,-1,-1.0,-1.0,-1.0,-1.0,0,kos03\Part3.jpg
kos03_Part4.jpg,-1,-1.0,-1.0,-1.0,-1.0,0,kos03\Part4.jpg
kos03_Part5.jpg,-1,-1.0,-1.0,-1.0,-1.0,0,kos03\Part5.jpg
kos03_Part6.jpg,-1,-1.0,-1.0,-1.0,-1.0,0,kos03\Part6.jpg
kos03_Part7.jpg,-1,-1.0,-1.0,-1.0,-1.0,0,kos03\Part7.jpg
kos04_Part0.jpg,-1,-1.0,-1.0,-1.0,-1.0,0,kos04\Part0.jpg
kos04_Part1.jpg,-1,-1.0,-1.0,-1.0,-1.0,0,kos04\Part1.jpg
kos04_Part2.jpg,-1,-1.0,-1.0,-1.0,-1.0,0,kos04\Part2.jpg
kos04_Part3.jpg,0,0.881,0.518,0.238,0.016,1,kos04\Part3.jpg
kos04_Part4.jpg,-1,-1.0,-1.0,-1.0,-1.0,0,kos04\Part4.jpg
kos04_Part5.jpg,-1,-1.0,-1.0,-1.0,-1.0,0,kos04\Part5.jpg
kos04_Part6.jpg,-1,-1.0,-1.0,-1.0,-1.0,0,kos04\Part6.jpg
kos04_Part7.jpg,-1,-1.0,-1.0,-1.0,-1.0,0,kos04\Part7.jpg
kos05_Part0.jpg,-1,-1.0,-1.0,-1.0,-1.0,0,kos05\Part0.jpg
kos05_Part1.jpg,-1,-1.0,-1.0,-1.0,-1.0,0,kos05\Part1.jpg
kos05_Part2.jpg,-1,-1.0,-1.0,-1.0,-1.0,0,kos05\Part2.jpg
kos05_Part3.jpg,-1,-1.0,-1.0,-1.0,-1.0,0,kos05\Part3.jpg
kos05_Part4.jpg,-1,-1.0,-1.0,-1.0,-1.0,0,kos05\Part4.jpg
kos05_Part5.jpg,0,0.613,0.512,0.034,0.008,1,kos05\Part5.jpg
kos05_Part5.jpg,0,0.819,0.5,0.362,0.024,1,kos05\Part5.jpg
kos05_Part6.jpg,-1,-1.0,-1.0,-1.0,-1.0,0,kos05\Part6.jpg
kos05_Part7.jpg,-1,-1.0,-1.0,-1.0,-1.0,0,kos05\Part7.jpg
kos06_Part0.jpg,-1,-1.0,-1.0,-1.0,-1.0,0,kos06\Part0.jpg
kos06_Part1.jpg,-1,-1.0,-1.0,-1.0,-1.0,0,kos06\Part1.jpg
kos06_Part2.jpg,-1,-1.0,-1.0,-1.0,-1.0,0,kos06\Part2.jpg
kos06_Part3.jpg,-1,-1.0,-1.0,-1.0,-1.0,0,kos06\Part3.jpg
kos06_Part4.jpg,-1,-1.0,-1.0,-1.0,-1.0,0,kos06\Part4.jpg
kos06_Part5.jpg,-1,-1.0,-1.0,-1.0,-1.0,0,kos06\Part5.jpg
kos06_Part6.jpg,-1,-1.0,-1.0,-1.0,-1.0,0,kos06\Part6.jpg
kos06_Part7.jpg,0,0.733,0.533,0.534,0.07,1,kos06\Part7.jpg
kos06_Part7.jpg,0,0.405,0.499,0.094,0.006,1,kos06\Part7.jpg
kos07_Part0.jpg,-1,-1.0,-1.0,-1.0,-1.0,0,kos07\Part0.jpg
kos07_Part1.jpg,0,0.523,0.375,0.134,0.01,1,kos07\Part1.jpg
kos07_Part1.jpg,0,0.797,0.375,0.406,0.026,1,kos07\Part1.jpg
kos07_Part1.jpg,0,0.584,0.361,0.016,0.002,1,kos07\Part1.jpg
kos07_Part2.jpg,-1,-1.0,-1.0,-1.0,-1.0,0,kos07\Part2.jpg
kos07_Part3.jpg,-1,-1.0,-1.0,-1.0,-1.0,0,kos07\Part3.jpg
kos07_Part4.jpg,-1,-1.0,-1.0,-1.0,-1.0,0,kos07\Part4.jpg
kos07_Part5.jpg,-1,-1.0,-1.0,-1.0,-1.0,0,kos07\Part5.jpg
kos07_Part6.jpg,-1,-1.0,-1.0,-1.0,-1.0,0,kos07\Part6.jpg
kos07_Part7.jpg,-1,-1.0,-1.0,-1.0,-1.0,0,kos07\Part7.jpg
kos08_Part0.jpg,-1,-1.0,-1.0,-1.0,-1.0,0,kos08\Part0.jpg
kos08_Part1.jpg,-1,-1.0,-1.0,-1.0,-1.0,0,kos08\Part1.jpg
kos08_Part2.jpg,0,0.741,0.782,0.518,0.132,1,kos08\Part2.jpg
kos08_Part3.jpg,-1,-1.0,-1.0,-1.0,-1.0,0,kos08\Part3.jpg
kos08_Part4.jpg,-1,-1.0,-1.0,-1.0,-1.0,0,kos08\Part4.jpg
kos08_Part5.jpg,-1,-1.0,-1.0,-1.0,-1.0,0,kos08\Part5.jpg
kos08_Part6.jpg,-1,-1.0,-1.0,-1.0,-1.0,0,kos08\Part6.jpg
kos08_Part7.jpg,-1,-1.0,-1.0,-1.0,-1.0,0,kos08\Part7.jpg
kos09_Part0.jpg,-1,-1.0,-1.0,-1.0,-1.0,0,kos09\Part0.jpg
kos09_Part1.jpg,-1,-1.0,-1.0,-1.0,-1.0,0,kos09\Part1.jpg
kos09_Part2.jpg,-1,-1.0,-1.0,-1.0,-1.0,0,kos09\Part2.jpg
kos09_Part3.jpg,-1,-1.0,-1.0,-1.0,-1.0,0,kos09\Part3.jpg
kos09_Part4.jpg,-1,-1.0,-1.0,-1.0,-1.0,0,kos09\Part4.jpg
kos09_Part5.jpg,-1,-1.0,-1.0,-1.0,-1.0,0,kos09\Part5.jpg
kos09_Part6.jpg,0,0.723,0.453,0.554,0.022,1,kos09\Part6.jpg
kos09_Part7.jpg,-1,-1.0,-1.0,-1.0,-1.0,0,kos09\Part7.jpg
kos10_Part0.jpg,-1,-1.0,-1.0,-1.0,-1.0,0,kos10\Part0.jpg
kos10_Part1.jpg,-1,-1.0,-1.0,-1.0,-1.0,0,kos10\Part1.jpg
kos10_Part2.jpg,-1,-1.0,-1.0,-1.0,-1.0,0,kos10\Part2.jpg
kos10_Part3.jpg,0,0.559,0.489,0.882,0.042,1,kos10\Part3.jpg
kos10_Part4.jpg,-1,-1.0,-1.0,-1.0,-1.0,0,kos10\Part4.jpg
kos10_Part5.jpg,-1,-1.0,-1.0,-1.0,-1.0,0,kos10\Part5.jpg
kos10_Part6.jpg,-1,-1.0,-1.0,-1.0,-1.0,0,kos10\Part6.jpg
kos10_Part7.jpg,-1,-1.0,-1.0,-1.0,-1.0,0,kos10\Part7.jpg
kos11_Part0.jpg,-1,-1.0,-1.0,-1.0,-1.0,0,kos11\Part0.jpg
kos11_Part1.jpg,-1,-1.0,-1.0,-1.0,-1.0,0,kos11\Part1.jpg
kos11_Part2.jpg,-1,-1.0,-1.0,-1.0,-1.0,0,kos11\Part2.jpg
kos11_Part3.jpg,-1,-1.0,-1.0,-1.0,-1.0,0,kos11\Part3.jpg
kos11_Part4.jpg,0,0.751,0.445,0.498,0.018,1,kos11\Part4.jpg
kos11_Part5.jpg,-1,-1.0,-1.0,-1.0,-1.0,0,kos11\Part5.jpg
kos11_Part6.jpg,-1,-1.0,-1.0,-1.0,-1.0,0,kos11\Part6.jpg
kos11_Part7.jpg,-1,-1.0,-1.0,-1.0,-1.0,0,kos11\Part7.jpg
kos12_Part0.jpg,-1,-1.0,-1.0,-1.0,-1.0,0,kos12\Part0.jpg
kos12_Part1.jpg,-1,-1.0,-1.0,-1.0,-1.0,0,kos12\Part1.jpg
kos12_Part2.jpg,-1,-1.0,-1.0,-1.0,-1.0,0,kos12\Part2.jpg
kos12_Part3.jpg,-1,-1.0,-1.0,-1.0,-1.0,0,kos12\Part3.jpg
kos12_Part4.jpg,-1,-1.0,-1.0,-1.0,-1.0,0,kos12\Part4.jpg
kos12_Part5.jpg,0,0.861,0.702,0.278,0.048,1,kos12\Part5.jpg
kos12_Part5.jpg,0,0.692,0.677,0.016,0.002,1,kos12\Part5.jpg
kos12_Part6.jpg,-1,-1.0,-1.0,-1.0,-1.0,0,kos12\Part6.jpg
kos12_Part7.jpg,-1,-1.0,-1.0,-1.0,-1.0,0,kos12\Part7.jpg
kos13_Part0.jpg,-1,-1.0,-1.0,-1.0,-1.0,0,kos13\Part0.jpg
kos13_Part1.jpg,-1,-1.0,-1.0,-1.0,-1.0,0,kos13\Part1.jpg
kos13_Part2.jpg,-1,-1.0,-1.0,-1.0,-1.0,0,kos13\Part2.jpg
kos13_Part3.jpg,0,0.813,0.443,0.374,0.026,1,kos13\Part3.jpg
kos13_Part4.jpg,-1,-1.0,-1.0,-1.0,-1.0,0,kos13\Part4.jpg
kos13_Part5.jpg,-1,-1.0,-1.0,-1.0,-1.0,0,kos13\Part5.jpg
kos13_Part6.jpg,-1,-1.0,-1.0,-1.0,-1.0,0,kos13\Part6.jpg
kos13_Part7.jpg,-1,-1.0,-1.0,-1.0,-1.0,0,kos13\Part7.jpg
kos14_Part0.jpg,-1,-1.0,-1.0,-1.0,-1.0,0,kos14\Part0.jpg
kos14_Part1.jpg,-1,-1.0,-1.0,-1.0,-1.0,0,kos14\Part1.jpg
kos14_Part2.jpg,-1,-1.0,-1.0,-1.0,-1.0,0,kos14\Part2.jpg
kos14_Part3.jpg,-1,-1.0,-1.0,-1.0,-1.0,0,kos14\Part3.jpg
kos14_Part4.jpg,-1,-1.0,-1.0,-1.0,-1.0,0,kos14\Part4.jpg
kos14_Part5.jpg,-1,-1.0,-1.0,-1.0,-1.0,0,kos14\Part5.jpg
kos14_Part6.jpg,-1,-1.0,-1.0,-1.0,-1.0,0,kos14\Part6.jpg
kos14_Part7.jpg,0,0.339,0.749,0.314,0.094,1,kos14\Part7.jpg
kos15_Part0.jpg,-1,-1.0,-1.0,-1.0,-1.0,0,kos15\Part0.jpg
kos15_Part1.jpg,-1,-1.0,-1.0,-1.0,-1.0,0,kos15\Part1.jpg
kos15_Part2.jpg,-1,-1.0,-1.0,-1.0,-1.0,0,kos15\Part2.jpg
kos15_Part3.jpg,0,0.744,0.702,0.512,0.092,1,kos15\Part3.jpg
kos15_Part4.jpg,-1,-1.0,-1.0,-1.0,-1.0,0,kos15\Part4.jpg
kos15_Part5.jpg,-1,-1.0,-1.0,-1.0,-1.0,0,kos15\Part5.jpg
kos15_Part6.jpg,-1,-1.0,-1.0,-1.0,-1.0,0,kos15\Part6.jpg
kos15_Part7.jpg,-1,-1.0,-1.0,-1.0,-1.0,0,kos15\Part7.jpg
kos16_Part0.jpg,-1,-1.0,-1.0,-1.0,-1.0,0,kos16\Part0.jpg
kos16_Part1.jpg,-1,-1.0,-1.0,-1.0,-1.0,0,kos16\Part1.jpg
kos16_Part2.jpg,-1,-1.0,-1.0,-1.0,-1.0,0,kos16\Part2.jpg
kos16_Part3.jpg,-1,-1.0,-1.0,-1.0,-1.0,0,kos16\Part3.jpg
kos16_Part4.jpg,-1,-1.0,-1.0,-1.0,-1.0,0,kos16\Part4.jpg
kos16_Part5.jpg,0,0.767,0.515,0.466,0.066,1,kos16\Part5.jpg
kos16_Part6.jpg,-1,-1.0,-1.0,-1.0,-1.0,0,kos16\Part6.jpg
kos16_Part7.jpg,-1,-1.0,-1.0,-1.0,-1.0,0,kos16\Part7.jpg
kos17_Part0.jpg,-1,-1.0,-1.0,-1.0,-1.0,0,kos17\Part0.jpg
kos17_Part1.jpg,-1,-1.0,-1.0,-1.0,-1.0,0,kos17\Part1.jpg
kos17_Part2.jpg,-1,-1.0,-1.0,-1.0,-1.0,0,kos17\Part2.jpg
kos17_Part3.jpg,-1,-1.0,-1.0,-1.0,-1.0,0,kos17\Part3.jpg
kos17_Part4.jpg,-1,-1.0,-1.0,-1.0,-1.0,0,kos17\Part4.jpg
kos17_Part5.jpg,0,0.207,0.457,0.006,0.002,1,kos17\Part5.jpg
kos17_Part5.jpg,0,0.303,0.455,0.01,0.002,1,kos17\Part5.jpg
kos17_Part5.jpg,0,0.29,0.453,0.012,0.002,1,kos17\Part5.jpg
kos17_Part5.jpg,0,0.273,0.455,0.018,0.01,1,kos17\Part5.jpg
kos17_Part5.jpg,0,0.663,0.441,0.674,0.03,1,kos17\Part5.jpg
kos17_Part6.jpg,-1,-1.0,-1.0,-1.0,-1.0,0,kos17\Part6.jpg
kos17_Part7.jpg,-1,-1.0,-1.0,-1.0,-1.0,0,kos17\Part7.jpg
kos18_Part0.jpg,-1,-1.0,-1.0,-1.0,-1.0,0,kos18\Part0.jpg
kos18_Part1.jpg,-1,-1.0,-1.0,-1.0,-1.0,0,kos18\Part1.jpg
kos18_Part2.jpg,-1,-1.0,-1.0,-1.0,-1.0,0,kos18\Part2.jpg
kos18_Part3.jpg,0,0.797,0.481,0.406,0.034,1,kos18\Part3.jpg
kos18_Part4.jpg,-1,-1.0,-1.0,-1.0,-1.0,0,kos18\Part4.jpg
kos18_Part5.jpg,-1,-1.0,-1.0,-1.0,-1.0,0,kos18\Part5.jpg
kos18_Part6.jpg,-1,-1.0,-1.0,-1.0,-1.0,0,kos18\Part6.jpg
kos18_Part7.jpg,-1,-1.0,-1.0,-1.0,-1.0,0,kos18\Part7.jpg
kos19_Part0.jpg,-1,-1.0,-1.0,-1.0,-1.0,0,kos19\Part0.jpg
kos19_Part1.jpg,-1,-1.0,-1.0,-1.0,-1.0,0,kos19\Part1.jpg
kos19_Part2.jpg,-1,-1.0,-1.0,-1.0,-1.0,0,kos19\Part2.jpg
kos19_Part3.jpg,-1,-1.0,-1.0,-1.0,-1.0,0,kos19\Part3.jpg
kos19_Part4.jpg,-1,-1.0,-1.0,-1.0,-1.0,0,kos19\Part4.jpg
kos19_Part5.jpg,0,0.683,0.497,0.634,0.07,1,kos19\Part5.jpg
kos19_Part5.jpg,0,0.347,0.463,0.018,0.002,1,kos19\Part5.jpg
kos19_Part5.jpg,0,0.226,0.459,0.028,0.002,1,kos19\Part5.jpg
kos19_Part5.jpg,0,0.289,0.459,0.09,0.006,1,kos19\Part5.jpg
kos19_Part6.jpg,-1,-1.0,-1.0,-1.0,-1.0,0,kos19\Part6.jpg
kos19_Part7.jpg,-1,-1.0,-1.0,-1.0,-1.0,0,kos19\Part7.jpg
kos20_Part0.jpg,-1,-1.0,-1.0,-1.0,-1.0,0,kos20\Part0.jpg
kos20_Part1.jpg,-1,-1.0,-1.0,-1.0,-1.0,0,kos20\Part1.jpg
kos20_Part2.jpg,-1,-1.0,-1.0,-1.0,-1.0,0,kos20\Part2.jpg
kos20_Part3.jpg,-1,-1.0,-1.0,-1.0,-1.0,0,kos20\Part3.jpg
kos20_Part4.jpg,0,0.507,0.471,0.35,0.01,1,kos20\Part4.jpg
kos20_Part4.jpg,0,0.829,0.432,0.342,0.072,1,kos20\Part4.jpg
kos20_Part5.jpg,-1,-1.0,-1.0,-1.0,-1.0,0,kos20\Part5.jpg
kos20_Part6.jpg,-1,-1.0,-1.0,-1.0,-1.0,0,kos20\Part6.jpg
kos20_Part7.jpg,-1,-1.0,-1.0,-1.0,-1.0,0,kos20\Part7.jpg
kos21_Part0.jpg,-1,-1.0,-1.0,-1.0,-1.0,0,kos21\Part0.jpg
kos21_Part1.jpg,-1,-1.0,-1.0,-1.0,-1.0,0,kos21\Part1.jpg
kos21_Part2.jpg,-1,-1.0,-1.0,-1.0,-1.0,0,kos21\Part2.jpg
kos21_Part3.jpg,-1,-1.0,-1.0,-1.0,-1.0,0,kos21\Part3.jpg
kos21_Part4.jpg,-1,-1.0,-1.0,-1.0,-1.0,0,kos21\Part4.jpg
kos21_Part5.jpg,0,0.7,0.474,0.6,0.052,1,kos21\Part5.jpg
kos21_Part6.jpg,-1,-1.0,-1.0,-1.0,-1.0,0,kos21\Part6.jpg
kos22_Part0.jpg,-1,-1.0,-1.0,-1.0,-1.0,0,kos22\Part0.jpg
kos22_Part1.jpg,-1,-1.0,-1.0,-1.0,-1.0,0,kos22\Part1.jpg
kos22_Part2.jpg,-1,-1.0,-1.0,-1.0,-1.0,0,kos22\Part2.jpg
kos22_Part3.jpg,-1,-1.0,-1.0,-1.0,-1.0,0,kos22\Part3.jpg
kos22_Part4.jpg,-1,-1.0,-1.0,-1.0,-1.0,0,kos22\Part4.jpg
kos22_Part5.jpg,-1,-1.0,-1.0,-1.0,-1.0,0,kos22\Part5.jpg
kos22_Part6.jpg,0,0.755,0.517,0.49,0.05,1,kos22\Part6.jpg
kos22_Part7.jpg,-1,-1.0,-1.0,-1.0,-1.0,0,kos22\Part7.jpg
kos23_Part0.jpg,-1,-1.0,-1.0,-1.0,-1.0,0,kos23\Part0.jpg
kos23_Part1.jpg,-1,-1.0,-1.0,-1.0,-1.0,0,kos23\Part1.jpg
kos23_Part2.jpg,-1,-1.0,-1.0,-1.0,-1.0,0,kos23\Part2.jpg
kos23_Part3.jpg,-1,-1.0,-1.0,-1.0,-1.0,0,kos23\Part3.jpg
kos23_Part4.jpg,-1,-1.0,-1.0,-1.0,-1.0,0,kos23\Part4.jpg
kos23_Part5.jpg,-1,-1.0,-1.0,-1.0,-1.0,0,kos23\Part5.jpg
kos23_Part6.jpg,0,0.652,0.549,0.696,0.038,1,kos23\Part6.jpg
kos23_Part7.jpg,-1,-1.0,-1.0,-1.0,-1.0,0,kos23\Part7.jpg
kos24_Part0.jpg,-1,-1.0,-1.0,-1.0,-1.0,0,kos24\Part0.jpg
kos24_Part1.jpg,0,0.807,0.45,0.386,0.02,1,kos24\Part1.jpg
kos24_Part2.jpg,-1,-1.0,-1.0,-1.0,-1.0,0,kos24\Part2.jpg
kos24_Part3.jpg,-1,-1.0,-1.0,-1.0,-1.0,0,kos24\Part3.jpg
kos24_Part4.jpg,-1,-1.0,-1.0,-1.0,-1.0,0,kos24\Part4.jpg
kos24_Part5.jpg,-1,-1.0,-1.0,-1.0,-1.0,0,kos24\Part5.jpg
kos24_Part6.jpg,-1,-1.0,-1.0,-1.0,-1.0,0,kos24\Part6.jpg
kos24_Part7.jpg,-1,-1.0,-1.0,-1.0,-1.0,0,kos24\Part7.jpg
kos25_Part0.jpg,-1,-1.0,-1.0,-1.0,-1.0,0,kos25\Part0.jpg
kos25_Part1.jpg,-1,-1.0,-1.0,-1.0,-1.0,0,kos25\Part1.jpg
kos25_Part2.jpg,-1,-1.0,-1.0,-1.0,-1.0,0,kos25\Part2.jpg
kos25_Part3.jpg,-1,-1.0,-1.0,-1.0,-1.0,0,kos25\Part3.jpg
kos25_Part4.jpg,0,0.71,0.491,0.58,0.054,1,kos25\Part4.jpg
kos25_Part4.jpg,0,0.398,0.465,0.036,0.006,1,kos25\Part4.jpg
kos25_Part5.jpg,-1,-1.0,-1.0,-1.0,-1.0,0,kos25\Part5.jpg
kos25_Part6.jpg,-1,-1.0,-1.0,-1.0,-1.0,0,kos25\Part6.jpg
kos25_Part7.jpg,-1,-1.0,-1.0,-1.0,-1.0,0,kos25\Part7.jpg
kos26_Part0.jpg,-1,-1.0,-1.0,-1.0,-1.0,0,kos26\Part0.jpg
kos26_Part1.jpg,-1,-1.0,-1.0,-1.0,-1.0,0,kos26\Part1.jpg
kos26_Part2.jpg,-1,-1.0,-1.0,-1.0,-1.0,0,kos26\Part2.jpg
kos26_Part3.jpg,-1,-1.0,-1.0,-1.0,-1.0,0,kos26\Part3.jpg
kos26_Part4.jpg,-1,-1.0,-1.0,-1.0,-1.0,0,kos26\Part4.jpg
kos26_Part5.jpg,0,0.697,0.468,0.498,0.036,1,kos26\Part5.jpg
kos26_Part6.jpg,-1,-1.0,-1.0,-1.0,-1.0,0,kos26\Part6.jpg
kos26_Part7.jpg,-1,-1.0,-1.0,-1.0,-1.0,0,kos26\Part7.jpg
kos27_Part0.jpg,0,0.752,0.462,0.496,0.048,1,kos27\Part0.jpg
kos27_Part1.jpg,-1,-1.0,-1.0,-1.0,-1.0,0,kos27\Part1.jpg
kos27_Part2.jpg,-1,-1.0,-1.0,-1.0,-1.0,0,kos27\Part2.jpg
kos27_Part3.jpg,-1,-1.0,-1.0,-1.0,-1.0,0,kos27\Part3.jpg
kos27_Part4.jpg,-1,-1.0,-1.0,-1.0,-1.0,0,kos27\Part4.jpg
kos27_Part5.jpg,-1,-1.0,-1.0,-1.0,-1.0,0,kos27\Part5.jpg
kos27_Part6.jpg,-1,-1.0,-1.0,-1.0,-1.0,0,kos27\Part6.jpg
kos27_Part7.jpg,-1,-1.0,-1.0,-1.0,-1.0,0,kos27\Part7.jpg
kos28_Part0.jpg,-1,-1.0,-1.0,-1.0,-1.0,0,kos28\Part0.jpg
kos28_Part1.jpg,-1,-1.0,-1.0,-1.0,-1.0,0,kos28\Part1.jpg
kos28_Part2.jpg,-1,-1.0,-1.0,-1.0,-1.0,0,kos28\Part2.jpg
kos28_Part3.jpg,0,0.299,0.492,0.03,0.004,1,kos28\Part3.jpg
kos28_Part3.jpg,0,0.253,0.488,0.054,0.004,1,kos28\Part3.jpg
kos28_Part3.jpg,0,0.659,0.492,0.682,0.068,1,kos28\Part3.jpg
kos28_Part4.jpg,-1,-1.0,-1.0,-1.0,-1.0,0,kos28\Part4.jpg
kos28_Part5.jpg,-1,-1.0,-1.0,-1.0,-1.0,0,kos28\Part5.jpg
kos28_Part6.jpg,-1,-1.0,-1.0,-1.0,-1.0,0,kos28\Part6.jpg
kos28_Part7.jpg,-1,-1.0,-1.0,-1.0,-1.0,0,kos28\Part7.jpg
kos29_Part0.jpg,0,0.665,0.6,0.67,0.104,1,kos29\Part0.jpg
kos29_Part0.jpg,0,0.325,0.547,0.006,0.002,1,kos29\Part0.jpg
kos29_Part1.jpg,-1,-1.0,-1.0,-1.0,-1.0,0,kos29\Part1.jpg
kos29_Part2.jpg,-1,-1.0,-1.0,-1.0,-1.0,0,kos29\Part2.jpg
kos29_Part3.jpg,-1,-1.0,-1.0,-1.0,-1.0,0,kos29\Part3.jpg
kos29_Part4.jpg,-1,-1.0,-1.0,-1.0,-1.0,0,kos29\Part4.jpg
kos29_Part5.jpg,-1,-1.0,-1.0,-1.0,-1.0,0,kos29\Part5.jpg
kos29_Part6.jpg,-1,-1.0,-1.0,-1.0,-1.0,0,kos29\Part6.jpg
kos29_Part7.jpg,-1,-1.0,-1.0,-1.0,-1.0,0,kos29\Part7.jpg
kos30_Part0.jpg,0,0.685,0.625,0.63,0.034,1,kos30\Part0.jpg
kos30_Part1.jpg,-1,-1.0,-1.0,-1.0,-1.0,0,kos30\Part1.jpg
kos30_Part2.jpg,-1,-1.0,-1.0,-1.0,-1.0,0,kos30\Part2.jpg
kos30_Part3.jpg,-1,-1.0,-1.0,-1.0,-1.0,0,kos30\Part3.jpg
kos30_Part4.jpg,-1,-1.0,-1.0,-1.0,-1.0,0,kos30\Part4.jpg
kos30_Part5.jpg,-1,-1.0,-1.0,-1.0,-1.0,0,kos30\Part5.jpg
kos30_Part6.jpg,-1,-1.0,-1.0,-1.0,-1.0,0,kos30\Part6.jpg
kos30_Part7.jpg,-1,-1.0,-1.0,-1.0,-1.0,0,kos30\Part7.jpg
kos31_Part0.jpg,-1,-1.0,-1.0,-1.0,-1.0,0,kos31\Part0.jpg
kos31_Part1.jpg,0,0.639,0.507,0.722,0.034,1,kos31\Part1.jpg
kos31_Part2.jpg,-1,-1.0,-1.0,-1.0,-1.0,0,kos31\Part2.jpg
kos31_Part3.jpg,-1,-1.0,-1.0,-1.0,-1.0,0,kos31\Part3.jpg
kos31_Part4.jpg,-1,-1.0,-1.0,-1.0,-1.0,0,kos31\Part4.jpg
kos31_Part5.jpg,-1,-1.0,-1.0,-1.0,-1.0,0,kos31\Part5.jpg
kos31_Part6.jpg,-1,-1.0,-1.0,-1.0,-1.0,0,kos31\Part6.jpg
kos31_Part7.jpg,-1,-1.0,-1.0,-1.0,-1.0,0,kos31\Part7.jpg
kos32_Part0.jpg,-1,-1.0,-1.0,-1.0,-1.0,0,kos32\Part0.jpg
kos32_Part1.jpg,-1,-1.0,-1.0,-1.0,-1.0,0,kos32\Part1.jpg
kos32_Part2.jpg,0,0.766,0.445,0.468,0.03,1,kos32\Part2.jpg
kos32_Part3.jpg,-1,-1.0,-1.0,-1.0,-1.0,0,kos32\Part3.jpg
kos32_Part4.jpg,-1,-1.0,-1.0,-1.0,-1.0,0,kos32\Part4.jpg
kos32_Part5.jpg,-1,-1.0,-1.0,-1.0,-1.0,0,kos32\Part5.jpg
kos32_Part6.jpg,-1,-1.0,-1.0,-1.0,-1.0,0,kos32\Part6.jpg
kos32_Part7.jpg,-1,-1.0,-1.0,-1.0,-1.0,0,kos32\Part7.jpg
kos33_Part0.jpg,-1,-1.0,-1.0,-1.0,-1.0,0,kos33\Part0.jpg
kos33_Part1.jpg,-1,-1.0,-1.0,-1.0,-1.0,0,kos33\Part1.jpg
kos33_Part2.jpg,-1,-1.0,-1.0,-1.0,-1.0,0,kos33\Part2.jpg
kos33_Part3.jpg,-1,-1.0,-1.0,-1.0,-1.0,0,kos33\Part3.jpg
kos33_Part4.jpg,-1,-1.0,-1.0,-1.0,-1.0,0,kos33\Part4.jpg
kos33_Part5.jpg,-1,-1.0,-1.0,-1.0,-1.0,0,kos33\Part5.jpg
kos33_Part6.jpg,0,0.702,0.468,0.596,0.036,1,kos33\Part6.jpg
kos33_Part7.jpg,-1,-1.0,-1.0,-1.0,-1.0,0,kos33\Part7.jpg
kos34_Part0.jpg,0,0.753,0.474,0.494,0.024,1,kos34\Part0.jpg
kos34_Part0.jpg,0,0.97,0.449,0.06,0.018,1,kos34\Part0.jpg
kos34_Part1.jpg,-1,-1.0,-1.0,-1.0,-1.0,0,kos34\Part1.jpg
kos34_Part2.jpg,-1,-1.0,-1.0,-1.0,-1.0,0,kos34\Part2.jpg
kos34_Part3.jpg,-1,-1.0,-1.0,-1.0,-1.0,0,kos34\Part3.jpg
kos34_Part4.jpg,-1,-1.0,-1.0,-1.0,-1.0,0,kos34\Part4.jpg
kos34_Part5.jpg,-1,-1.0,-1.0,-1.0,-1.0,0,kos34\Part5.jpg
kos34_Part6.jpg,-1,-1.0,-1.0,-1.0,-1.0,0,kos34\Part6.jpg
kos34_Part7.jpg,-1,-1.0,-1.0,-1.0,-1.0,0,kos34\Part7.jpg
kos35_Part0.jpg,-1,-1.0,-1.0,-1.0,-1.0,0,kos35\Part0.jpg
kos35_Part1.jpg,-1,-1.0,-1.0,-1.0,-1.0,0,kos35\Part1.jpg
kos35_Part2.jpg,-1,-1.0,-1.0,-1.0,-1.0,0,kos35\Part2.jpg
kos35_Part3.jpg,-1,-1.0,-1.0,-1.0,-1.0,0,kos35\Part3.jpg
kos35_Part4.jpg,-1,-1.0,-1.0,-1.0,-1.0,0,kos35\Part4.jpg
kos35_Part5.jpg,0,0.617,0.505,0.062,0.006,1,kos35\Part5.jpg
kos35_Part5.jpg,0,0.826,0.524,0.348,0.052,1,kos35\Part5.jpg
kos35_Part6.jpg,-1,-1.0,-1.0,-1.0,-1.0,0,kos35\Part6.jpg
kos35_Part7.jpg,-1,-1.0,-1.0,-1.0,-1.0,0,kos35\Part7.jpg
kos36_Part0.jpg,-1,-1.0,-1.0,-1.0,-1.0,0,kos36\Part0.jpg
kos36_Part1.jpg,-1,-1.0,-1.0,-1.0,-1.0,0,kos36\Part1.jpg
kos36_Part2.jpg,-1,-1.0,-1.0,-1.0,-1.0,0,kos36\Part2.jpg
kos36_Part3.jpg,0,0.253,0.413,0.034,0.006,1,kos36\Part3.jpg
kos36_Part3.jpg,0,0.632,0.44,0.736,0.064,1,kos36\Part3.jpg
kos36_Part4.jpg,-1,-1.0,-1.0,-1.0,-1.0,0,kos36\Part4.jpg
kos36_Part5.jpg,-1,-1.0,-1.0,-1.0,-1.0,0,kos36\Part5.jpg
kos36_Part6.jpg,-1,-1.0,-1.0,-1.0,-1.0,0,kos36\Part6.jpg
kos36_Part7.jpg,-1,-1.0,-1.0,-1.0,-1.0,0,kos36\Part7.jpg
kos37_Part0.jpg,0,0.649,0.549,0.702,0.026,1,kos37\Part0.jpg
kos37_Part1.jpg,-1,-1.0,-1.0,-1.0,-1.0,0,kos37\Part1.jpg
kos37_Part2.jpg,-1,-1.0,-1.0,-1.0,-1.0,0,kos37\Part2.jpg
kos37_Part3.jpg,-1,-1.0,-1.0,-1.0,-1.0,0,kos37\Part3.jpg
kos37_Part4.jpg,-1,-1.0,-1.0,-1.0,-1.0,0,kos37\Part4.jpg
kos37_Part5.jpg,-1,-1.0,-1.0,-1.0,-1.0,0,kos37\Part5.jpg
kos37_Part6.jpg,-1,-1.0,-1.0,-1.0,-1.0,0,kos37\Part6.jpg
kos37_Part7.jpg,-1,-1.0,-1.0,-1.0,-1.0,0,kos37\Part7.jpg
kos38_Part0.jpg,0,0.669,0.55,0.662,0.068,1,kos38\Part0.jpg
kos38_Part1.jpg,0,0.335,0.384,0.338,0.012,1,kos38\Part1.jpg
kos38_Part1.jpg,0,0.758,0.379,0.484,0.026,1,kos38\Part1.jpg
kos38_Part2.jpg,-1,-1.0,-1.0,-1.0,-1.0,0,kos38\Part2.jpg
kos38_Part3.jpg,-1,-1.0,-1.0,-1.0,-1.0,0,kos38\Part3.jpg
kos38_Part4.jpg,-1,-1.0,-1.0,-1.0,-1.0,0,kos38\Part4.jpg
kos38_Part5.jpg,-1,-1.0,-1.0,-1.0,-1.0,0,kos38\Part5.jpg
kos38_Part6.jpg,-1,-1.0,-1.0,-1.0,-1.0,0,kos38\Part6.jpg
kos38_Part7.jpg,-1,-1.0,-1.0,-1.0,-1.0,0,kos38\Part7.jpg
kos39_Part0.jpg,-1,-1.0,-1.0,-1.0,-1.0,0,kos39\Part0.jpg
kos39_Part1.jpg,-1,-1.0,-1.0,-1.0,-1.0,0,kos39\Part1.jpg
kos39_Part2.jpg,-1,-1.0,-1.0,-1.0,-1.0,0,kos39\Part2.jpg
kos39_Part3.jpg,-1,-1.0,-1.0,-1.0,-1.0,0,kos39\Part3.jpg
kos39_Part4.jpg,-1,-1.0,-1.0,-1.0,-1.0,0,kos39\Part4.jpg
kos39_Part5.jpg,-1,-1.0,-1.0,-1.0,-1.0,0,kos39\Part5.jpg
kos39_Part6.jpg,0,0.476,0.578,0.096,0.008,1,kos39\Part6.jpg
kos39_Part6.jpg,0,0.547,0.571,0.038,0.006,1,kos39\Part6.jpg
kos39_Part6.jpg,0,0.57,0.567,0.004,0.002,1,kos39\Part6.jpg
kos39_Part6.jpg,0,0.581,0.565,0.006,0.002,1,kos39\Part6.jpg
kos39_Part6.jpg,0,0.592,0.563,0.008,0.002,1,kos39\Part6.jpg
kos39_Part6.jpg,0,0.8,0.541,0.4,0.046,1,kos39\Part6.jpg
kos39_Part7.jpg,0,0.647,0.38,0.706,0.032,1,kos39\Part7.jpg
kos40_Part0.jpg,-1,-1.0,-1.0,-1.0,-1.0,0,kos40\Part0.jpg
kos40_Part1.jpg,-1,-1.0,-1.0,-1.0,-1.0,0,kos40\Part1.jpg
kos40_Part2.jpg,-1,-1.0,-1.0,-1.0,-1.0,0,kos40\Part2.jpg
kos40_Part3.jpg,-1,-1.0,-1.0,-1.0,-1.0,0,kos40\Part3.jpg
kos40_Part4.jpg,-1,-1.0,-1.0,-1.0,-1.0,0,kos40\Part4.jpg
kos40_Part5.jpg,0,0.247,0.559,0.002,0.002,1,kos40\Part5.jpg
kos40_Part5.jpg,0,0.625,0.56,0.75,0.032,1,kos40\Part5.jpg
kos40_Part6.jpg,-1,-1.0,-1.0,-1.0,-1.0,0,kos40\Part6.jpg
kos40_Part7.jpg,-1,-1.0,-1.0,-1.0,-1.0,0,kos40\Part7.jpg
kos41_Part0.jpg,-1,-1.0,-1.0,-1.0,-1.0,0,kos41\Part0.jpg
kos41_Part1.jpg,-1,-1.0,-1.0,-1.0,-1.0,0,kos41\Part1.jpg
kos41_Part2.jpg,-1,-1.0,-1.0,-1.0,-1.0,0,kos41\Part2.jpg
kos41_Part3.jpg,-1,-1.0,-1.0,-1.0,-1.0,0,kos41\Part3.jpg
kos41_Part4.jpg,-1,-1.0,-1.0,-1.0,-1.0,0,kos41\Part4.jpg
kos41_Part5.jpg,-1,-1.0,-1.0,-1.0,-1.0,0,kos41\Part5.jpg
kos41_Part6.jpg,-1,-1.0,-1.0,-1.0,-1.0,0,kos41\Part6.jpg
kos41_Part7.jpg,0,0.438,0.504,0.044,0.008,1,kos41\Part7.jpg
kos41_Part7.jpg,0,0.732,0.467,0.536,0.07,1,kos41\Part7.jpg
kos42_Part0.jpg,-1,-1.0,-1.0,-1.0,-1.0,0,kos42\Part0.jpg
kos42_Part1.jpg,-1,-1.0,-1.0,-1.0,-1.0,0,kos42\Part1.jpg
kos42_Part2.jpg,-1,-1.0,-1.0,-1.0,-1.0,0,kos42\Part2.jpg
kos42_Part3.jpg,0,0.421,0.507,0.106,0.01,1,kos42\Part3.jpg
kos42_Part3.jpg,0,0.364,0.501,0.004,0.002,1,kos42\Part3.jpg
kos42_Part3.jpg,0,0.739,0.501,0.522,0.03,1,kos42\Part3.jpg
kos42_Part4.jpg,-1,-1.0,-1.0,-1.0,-1.0,0,kos42\Part4.jpg
kos42_Part5.jpg,-1,-1.0,-1.0,-1.0,-1.0,0,kos42\Part5.jpg
kos42_Part6.jpg,-1,-1.0,-1.0,-1.0,-1.0,0,kos42\Part6.jpg
kos42_Part7.jpg,-1,-1.0,-1.0,-1.0,-1.0,0,kos42\Part7.jpg
kos43_Part0.jpg,-1,-1.0,-1.0,-1.0,-1.0,0,kos43\Part0.jpg
kos43_Part1.jpg,0,0.633,0.391,0.734,0.07,1,kos43\Part1.jpg
kos43_Part2.jpg,-1,-1.0,-1.0,-1.0,-1.0,0,kos43\Part2.jpg
kos43_Part3.jpg,-1,-1.0,-1.0,-1.0,-1.0,0,kos43\Part3.jpg
kos43_Part4.jpg,-1,-1.0,-1.0,-1.0,-1.0,0,kos43\Part4.jpg
kos43_Part5.jpg,-1,-1.0,-1.0,-1.0,-1.0,0,kos43\Part5.jpg
kos43_Part6.jpg,-1,-1.0,-1.0,-1.0,-1.0,0,kos43\Part6.jpg
kos43_Part7.jpg,-1,-1.0,-1.0,-1.0,-1.0,0,kos43\Part7.jpg
kos44_Part0.jpg,-1,-1.0,-1.0,-1.0,-1.0,0,kos44\Part0.jpg
kos44_Part1.jpg,-1,-1.0,-1.0,-1.0,-1.0,0,kos44\Part1.jpg
kos44_Part2.jpg,-1,-1.0,-1.0,-1.0,-1.0,0,kos44\Part2.jpg
kos44_Part3.jpg,-1,-1.0,-1.0,-1.0,-1.0,0,kos44\Part3.jpg
kos44_Part4.jpg,-1,-1.0,-1.0,-1.0,-1.0,0,kos44\Part4.jpg
kos44_Part5.jpg,-1,-1.0,-1.0,-1.0,-1.0,0,kos44\Part5.jpg
kos44_Part6.jpg,0,0.714,0.525,0.572,0.042,1,kos44\Part6.jpg
kos44_Part7.jpg,-1,-1.0,-1.0,-1.0,-1.0,0,kos44\Part7.jpg
kos45_Part0.jpg,-1,-1.0,-1.0,-1.0,-1.0,0,kos45\Part0.jpg
kos45_Part1.jpg,-1,-1.0,-1.0,-1.0,-1.0,0,kos45\Part1.jpg
kos45_Part2.jpg,-1,-1.0,-1.0,-1.0,-1.0,0,kos45\Part2.jpg
kos45_Part3.jpg,0,0.746,0.506,0.508,0.076,1,kos45\Part3.jpg
kos45_Part4.jpg,-1,-1.0,-1.0,-1.0,-1.0,0,kos45\Part4.jpg
kos45_Part5.jpg,-1,-1.0,-1.0,-1.0,-1.0,0,kos45\Part5.jpg
kos45_Part6.jpg,-1,-1.0,-1.0,-1.0,-1.0,0,kos45\Part6.jpg
kos45_Part7.jpg,-1,-1.0,-1.0,-1.0,-1.0,0,kos45\Part7.jpg
kos46_Part0.jpg,-1,-1.0,-1.0,-1.0,-1.0,0,kos46\Part0.jpg
kos46_Part1.jpg,-1,-1.0,-1.0,-1.0,-1.0,0,kos46\Part1.jpg
kos46_Part2.jpg,-1,-1.0,-1.0,-1.0,-1.0,0,kos46\Part2.jpg
kos46_Part3.jpg,-1,-1.0,-1.0,-1.0,-1.0,0,kos46\Part3.jpg
kos46_Part4.jpg,-1,-1.0,-1.0,-1.0,-1.0,0,kos46\Part4.jpg
kos46_Part5.jpg,-1,-1.0,-1.0,-1.0,-1.0,0,kos46\Part5.jpg
kos46_Part6.jpg,-1,-1.0,-1.0,-1.0,-1.0,0,kos46\Part6.jpg
kos46_Part7.jpg,0,0.82,0.577,0.36,0.018,1,kos46\Part7.jpg
kos47_Part0.jpg,-1,-1.0,-1.0,-1.0,-1.0,0,kos47\Part0.jpg
kos47_Part1.jpg,-1,-1.0,-1.0,-1.0,-1.0,0,kos47\Part1.jpg
kos47_Part2.jpg,0,0.553,0.574,0.034,0.004,1,kos47\Part2.jpg
kos47_Part2.jpg,0,0.786,0.604,0.428,0.08,1,kos47\Part2.jpg
kos47_Part3.jpg,-1,-1.0,-1.0,-1.0,-1.0,0,kos47\Part3.jpg
kos47_Part4.jpg,-1,-1.0,-1.0,-1.0,-1.0,0,kos47\Part4.jpg
kos47_Part5.jpg,-1,-1.0,-1.0,-1.0,-1.0,0,kos47\Part5.jpg
kos47_Part6.jpg,-1,-1.0,-1.0,-1.0,-1.0,0,kos47\Part6.jpg
kos47_Part7.jpg,-1,-1.0,-1.0,-1.0,-1.0,0,kos47\Part7.jpg
kos48_Part0.jpg,-1,-1.0,-1.0,-1.0,-1.0,0,kos48\Part0.jpg
kos48_Part1.jpg,-1,-1.0,-1.0,-1.0,-1.0,0,kos48\Part1.jpg
kos48_Part2.jpg,-1,-1.0,-1.0,-1.0,-1.0,0,kos48\Part2.jpg
kos48_Part3.jpg,-1,-1.0,-1.0,-1.0,-1.0,0,kos48\Part3.jpg
kos48_Part4.jpg,-1,-1.0,-1.0,-1.0,-1.0,0,kos48\Part4.jpg
kos48_Part5.jpg,0,0.633,0.626,0.734,0.036,1,kos48\Part5.jpg
kos48_Part6.jpg,-1,-1.0,-1.0,-1.0,-1.0,0,kos48\Part6.jpg
kos48_Part7.jpg,-1,-1.0,-1.0,-1.0,-1.0,0,kos48\Part7.jpg
kos49_Part0.jpg,-1,-1.0,-1.0,-1.0,-1.0,0,kos49\Part0.jpg
kos49_Part1.jpg,-1,-1.0,-1.0,-1.0,-1.0,0,kos49\Part1.jpg
kos49_Part2.jpg,0,0.693,0.417,0.614,0.046,1,kos49\Part2.jpg
kos49_Part3.jpg,-1,-1.0,-1.0,-1.0,-1.0,0,kos49\Part3.jpg
kos49_Part4.jpg,-1,-1.0,-1.0,-1.0,-1.0,0,kos49\Part4.jpg
kos49_Part5.jpg,-1,-1.0,-1.0,-1.0,-1.0,0,kos49\Part5.jpg
kos49_Part6.jpg,-1,-1.0,-1.0,-1.0,-1.0,0,kos49\Part6.jpg
kos49_Part7.jpg,-1,-1.0,-1.0,-1.0,-1.0,0,kos49\Part7.jpg
kos50_Part0.jpg,-1,-1.0,-1.0,-1.0,-1.0,0,kos50\Part0.jpg
kos50_Part1.jpg,-1,-1.0,-1.0,-1.0,-1.0,0,kos50\Part1.jpg
kos50_Part2.jpg,-1,-1.0,-1.0,-1.0,-1.0,0,kos50\Part2.jpg
kos50_Part3.jpg,-1,-1.0,-1.0,-1.0,-1.0,0,kos50\Part3.jpg
kos50_Part4.jpg,0,0.73,0.484,0.54,0.04,1,kos50\Part4.jpg
kos50_Part5.jpg,-1,-1.0,-1.0,-1.0,-1.0,0,kos50\Part5.jpg
kos50_Part6.jpg,-1,-1.0,-1.0,-1.0,-1.0,0,kos50\Part6.jpg
kos50_Part7.jpg,-1,-1.0,-1.0,-1.0,-1.0,0,kos50\Part7.jpg
kos01_Part0_label.jpg,-1,-1.0,-1.0,-1.0,-1.0,0,kos01\Part0_label.bmp
kos01_Part1_label.jpg,-1,-1.0,-1.0,-1.0,-1.0,0,kos01\Part1_label.bmp
kos01_Part2_label.jpg,-1,-1.0,-1.0,-1.0,-1.0,0,kos01\Part2_label.bmp
kos01_Part3_label.jpg,-1,-1.0,-1.0,-1.0,-1.0,0,kos01\Part3_label.bmp
kos01_Part4_label.jpg,-1,-1.0,-1.0,-1.0,-1.0,0,kos01\Part4_label.bmp
kos01_Part5_label.jpg,0,0.865,0.481,0.146,0.01,1,kos01\Part5_label.bmp
kos01_Part5_label.jpg,0,0.769,0.475,0.002,0.002,1,kos01\Part5_label.bmp
kos01_Part5_label.jpg,0,0.729,0.473,0.038,0.01,1,kos01\Part5_label.bmp
kos01_Part5_label.jpg,0,0.646,0.471,0.108,0.014,1,kos01\Part5_label.bmp
kos01_Part5_label.jpg,0,0.519,0.459,0.142,0.018,1,kos01\Part5_label.bmp
kos01_Part6_label.jpg,-1,-1.0,-1.0,-1.0,-1.0,0,kos01\Part6_label.bmp
kos01_Part7_label.jpg,-1,-1.0,-1.0,-1.0,-1.0,0,kos01\Part7_label.bmp
kos02_Part0_label.jpg,-1,-1.0,-1.0,-1.0,-1.0,0,kos02\Part0_label.bmp
kos02_Part1_label.jpg,-1,-1.0,-1.0,-1.0,-1.0,0,kos02\Part1_label.bmp
kos02_Part2_label.jpg,-1,-1.0,-1.0,-1.0,-1.0,0,kos02\Part2_label.bmp
kos02_Part3_label.jpg,-1,-1.0,-1.0,-1.0,-1.0,0,kos02\Part3_label.bmp
kos02_Part4_label.jpg,-1,-1.0,-1.0,-1.0,-1.0,0,kos02\Part4_label.bmp
kos02_Part5_label.jpg,-1,-1.0,-1.0,-1.0,-1.0,0,kos02\Part5_label.bmp
kos02_Part6_label.jpg,0,0.93,0.503,0.012,0.002,1,kos02\Part6_label.bmp
kos02_Part6_label.jpg,0,0.874,0.505,0.252,0.022,1,kos02\Part6_label.bmp
kos02_Part7_label.jpg,-1,-1.0,-1.0,-1.0,-1.0,0,kos02\Part7_label.bmp
kos03_Part0_label.jpg,-1,-1.0,-1.0,-1.0,-1.0,0,kos03\Part0_label.bmp
kos03_Part1_label.jpg,-1,-1.0,-1.0,-1.0,-1.0,0,kos03\Part1_label.bmp
kos03_Part2_label.jpg,0,0.68,0.341,0.048,0.006,1,kos03\Part2_label.bmp
kos03_Part2_label.jpg,0,0.859,0.337,0.282,0.018,1,kos03\Part2_label.bmp
kos03_Part3_label.jpg,-1,-1.0,-1.0,-1.0,-1.0,0,kos03\Part3_label.bmp
kos03_Part4_label.jpg,-1,-1.0,-1.0,-1.0,-1.0,0,kos03\Part4_label.bmp
kos03_Part5_label.jpg,-1,-1.0,-1.0,-1.0,-1.0,0,kos03\Part5_label.bmp
kos03_Part6_label.jpg,-1,-1.0,-1.0,-1.0,-1.0,0,kos03\Part6_label.bmp
kos03_Part7_label.jpg,-1,-1.0,-1.0,-1.0,-1.0,0,kos03\Part7_label.bmp
kos04_Part0_label.jpg,-1,-1.0,-1.0,-1.0,-1.0,0,kos04\Part0_label.bmp
kos04_Part1_label.jpg,-1,-1.0,-1.0,-1.0,-1.0,0,kos04\Part1_label.bmp
kos04_Part2_label.jpg,-1,-1.0,-1.0,-1.0,-1.0,0,kos04\Part2_label.bmp
kos04_Part3_label.jpg,0,0.881,0.518,0.238,0.016,1,kos04\Part3_label.bmp
kos04_Part4_label.jpg,-1,-1.0,-1.0,-1.0,-1.0,0,kos04\Part4_label.bmp
kos04_Part5_label.jpg,-1,-1.0,-1.0,-1.0,-1.0,0,kos04\Part5_label.bmp
kos04_Part6_label.jpg,-1,-1.0,-1.0,-1.0,-1.0,0,kos04\Part6_label.bmp
kos04_Part7_label.jpg,-1,-1.0,-1.0,-1.0,-1.0,0,kos04\Part7_label.bmp
kos05_Part0_label.jpg,-1,-1.0,-1.0,-1.0,-1.0,0,kos05\Part0_label.bmp
kos05_Part1_label.jpg,-1,-1.0,-1.0,-1.0,-1.0,0,kos05\Part1_label.bmp
kos05_Part2_label.jpg,-1,-1.0,-1.0,-1.0,-1.0,0,kos05\Part2_label.bmp
kos05_Part3_label.jpg,-1,-1.0,-1.0,-1.0,-1.0,0,kos05\Part3_label.bmp
kos05_Part4_label.jpg,-1,-1.0,-1.0,-1.0,-1.0,0,kos05\Part4_label.bmp
kos05_Part5_label.jpg,0,0.613,0.512,0.034,0.008,1,kos05\Part5_label.bmp
kos05_Part5_label.jpg,0,0.819,0.5,0.362,0.024,1,kos05\Part5_label.bmp
kos05_Part6_label.jpg,-1,-1.0,-1.0,-1.0,-1.0,0,kos05\Part6_label.bmp
kos05_Part7_label.jpg,-1,-1.0,-1.0,-1.0,-1.0,0,kos05\Part7_label.bmp
kos06_Part0_label.jpg,-1,-1.0,-1.0,-1.0,-1.0,0,kos06\Part0_label.bmp
kos06_Part1_label.jpg,-1,-1.0,-1.0,-1.0,-1.0,0,kos06\Part1_label.bmp
kos06_Part2_label.jpg,-1,-1.0,-1.0,-1.0,-1.0,0,kos06\Part2_label.bmp
kos06_Part3_label.jpg,-1,-1.0,-1.0,-1.0,-1.0,0,kos06\Part3_label.bmp
kos06_Part4_label.jpg,-1,-1.0,-1.0,-1.0,-1.0,0,kos06\Part4_label.bmp
kos06_Part5_label.jpg,-1,-1.0,-1.0,-1.0,-1.0,0,kos06\Part5_label.bmp
kos06_Part6_label.jpg,-1,-1.0,-1.0,-1.0,-1.0,0,kos06\Part6_label.bmp
kos06_Part7_label.jpg,0,0.733,0.533,0.534,0.07,1,kos06\Part7_label.bmp
kos06_Part7_label.jpg,0,0.405,0.499,0.094,0.006,1,kos06\Part7_label.bmp
kos07_Part0_label.jpg,-1,-1.0,-1.0,-1.0,-1.0,0,kos07\Part0_label.bmp
kos07_Part1_label.jpg,0,0.523,0.375,0.134,0.01,1,kos07\Part1_label.bmp
kos07_Part1_label.jpg,0,0.797,0.375,0.406,0.026,1,kos07\Part1_label.bmp
kos07_Part1_label.jpg,0,0.584,0.361,0.016,0.002,1,kos07\Part1_label.bmp
kos07_Part2_label.jpg,-1,-1.0,-1.0,-1.0,-1.0,0,kos07\Part2_label.bmp
kos07_Part3_label.jpg,-1,-1.0,-1.0,-1.0,-1.0,0,kos07\Part3_label.bmp
kos07_Part4_label.jpg,-1,-1.0,-1.0,-1.0,-1.0,0,kos07\Part4_label.bmp
kos07_Part5_label.jpg,-1,-1.0,-1.0,-1.0,-1.0,0,kos07\Part5_label.bmp
kos07_Part6_label.jpg,-1,-1.0,-1.0,-1.0,-1.0,0,kos07\Part6_label.bmp
kos07_Part7_label.jpg,-1,-1.0,-1.0,-1.0,-1.0,0,kos07\Part7_label.bmp
kos08_Part0_label.jpg,-1,-1.0,-1.0,-1.0,-1.0,0,kos08\Part0_label.bmp
kos08_Part1_label.jpg,-1,-1.0,-1.0,-1.0,-1.0,0,kos08\Part1_label.bmp
kos08_Part2_label.jpg,0,0.741,0.782,0.518,0.132,1,kos08\Part2_label.bmp
kos08_Part3_label.jpg,-1,-1.0,-1.0,-1.0,-1.0,0,kos08\Part3_label.bmp
kos08_Part4_label.jpg,-1,-1.0,-1.0,-1.0,-1.0,0,kos08\Part4_label.bmp
kos08_Part5_label.jpg,-1,-1.0,-1.0,-1.0,-1.0,0,kos08\Part5_label.bmp
kos08_Part6_label.jpg,-1,-1.0,-1.0,-1.0,-1.0,0,kos08\Part6_label.bmp
kos08_Part7_label.jpg,-1,-1.0,-1.0,-1.0,-1.0,0,kos08\Part7_label.bmp
kos09_Part0_label.jpg,-1,-1.0,-1.0,-1.0,-1.0,0,kos09\Part0_label.bmp
kos09_Part1_label.jpg,-1,-1.0,-1.0,-1.0,-1.0,0,kos09\Part1_label.bmp
kos09_Part2_label.jpg,-1,-1.0,-1.0,-1.0,-1.0,0,kos09\Part2_label.bmp
kos09_Part3_label.jpg,-1,-1.0,-1.0,-1.0,-1.0,0,kos09\Part3_label.bmp
kos09_Part4_label.jpg,-1,-1.0,-1.0,-1.0,-1.0,0,kos09\Part4_label.bmp
kos09_Part5_label.jpg,-1,-1.0,-1.0,-1.0,-1.0,0,kos09\Part5_label.bmp
kos09_Part6_label.jpg,0,0.723,0.453,0.554,0.022,1,kos09\Part6_label.bmp
kos09_Part7_label.jpg,-1,-1.0,-1.0,-1.0,-1.0,0,kos09\Part7_label.bmp
kos10_Part0_label.jpg,-1,-1.0,-1.0,-1.0,-1.0,0,kos10\Part0_label.bmp
kos10_Part1_label.jpg,-1,-1.0,-1.0,-1.0,-1.0,0,kos10\Part1_label.bmp
kos10_Part2_label.jpg,-1,-1.0,-1.0,-1.0,-1.0,0,kos10\Part2_label.bmp
kos10_Part3_label.jpg,0,0.559,0.489,0.882,0.042,1,kos10\Part3_label.bmp
kos10_Part4_label.jpg,-1,-1.0,-1.0,-1.0,-1.0,0,kos10\Part4_label.bmp
kos10_Part5_label.jpg,-1,-1.0,-1.0,-1.0,-1.0,0,kos10\Part5_label.bmp
kos10_Part6_label.jpg,-1,-1.0,-1.0,-1.0,-1.0,0,kos10\Part6_label.bmp
kos10_Part7_label.jpg,-1,-1.0,-1.0,-1.0,-1.0,0,kos10\Part7_label.bmp
kos11_Part0_label.jpg,-1,-1.0,-1.0,-1.0,-1.0,0,kos11\Part0_label.bmp
kos11_Part1_label.jpg,-1,-1.0,-1.0,-1.0,-1.0,0,kos11\Part1_label.bmp
kos11_Part2_label.jpg,-1,-1.0,-1.0,-1.0,-1.0,0,kos11\Part2_label.bmp
kos11_Part3_label.jpg,-1,-1.0,-1.0,-1.0,-1.0,0,kos11\Part3_label.bmp
kos11_Part4_label.jpg,0,0.751,0.445,0.498,0.018,1,kos11\Part4_label.bmp
kos11_Part5_label.jpg,-1,-1.0,-1.0,-1.0,-1.0,0,kos11\Part5_label.bmp
kos11_Part6_label.jpg,-1,-1.0,-1.0,-1.0,-1.0,0,kos11\Part6_label.bmp
kos11_Part7_label.jpg,-1,-1.0,-1.0,-1.0,-1.0,0,kos11\Part7_label.bmp
kos12_Part0_label.jpg,-1,-1.0,-1.0,-1.0,-1.0,0,kos12\Part0_label.bmp
kos12_Part1_label.jpg,-1,-1.0,-1.0,-1.0,-1.0,0,kos12\Part1_label.bmp
kos12_Part2_label.jpg,-1,-1.0,-1.0,-1.0,-1.0,0,kos12\Part2_label.bmp
kos12_Part3_label.jpg,-1,-1.0,-1.0,-1.0,-1.0,0,kos12\Part3_label.bmp
kos12_Part4_label.jpg,-1,-1.0,-1.0,-1.0,-1.0,0,kos12\Part4_label.bmp
kos12_Part5_label.jpg,0,0.861,0.702,0.278,0.048,1,kos12\Part5_label.bmp
kos12_Part5_label.jpg,0,0.692,0.677,0.016,0.002,1,kos12\Part5_label.bmp
kos12_Part6_label.jpg,-1,-1.0,-1.0,-1.0,-1.0,0,kos12\Part6_label.bmp
kos12_Part7_label.jpg,-1,-1.0,-1.0,-1.0,-1.0,0,kos12\Part7_label.bmp
kos13_Part0_label.jpg,-1,-1.0,-1.0,-1.0,-1.0,0,kos13\Part0_label.bmp
kos13_Part1_label.jpg,-1,-1.0,-1.0,-1.0,-1.0,0,kos13\Part1_label.bmp
kos13_Part2_label.jpg,-1,-1.0,-1.0,-1.0,-1.0,0,kos13\Part2_label.bmp
kos13_Part3_label.jpg,0,0.813,0.443,0.374,0.026,1,kos13\Part3_label.bmp
kos13_Part4_label.jpg,-1,-1.0,-1.0,-1.0,-1.0,0,kos13\Part4_label.bmp
kos13_Part5_label.jpg,-1,-1.0,-1.0,-1.0,-1.0,0,kos13\Part5_label.bmp
kos13_Part6_label.jpg,-1,-1.0,-1.0,-1.0,-1.0,0,kos13\Part6_label.bmp
kos13_Part7_label.jpg,-1,-1.0,-1.0,-1.0,-1.0,0,kos13\Part7_label.bmp
kos14_Part0_label.jpg,-1,-1.0,-1.0,-1.0,-1.0,0,kos14\Part0_label.bmp
kos14_Part1_label.jpg,-1,-1.0,-1.0,-1.0,-1.0,0,kos14\Part1_label.bmp
kos14_Part2_label.jpg,-1,-1.0,-1.0,-1.0,-1.0,0,kos14\Part2_label.bmp
kos14_Part3_label.jpg,-1,-1.0,-1.0,-1.0,-1.0,0,kos14\Part3_label.bmp
kos14_Part4_label.jpg,-1,-1.0,-1.0,-1.0,-1.0,0,kos14\Part4_label.bmp
kos14_Part5_label.jpg,-1,-1.0,-1.0,-1.0,-1.0,0,kos14\Part5_label.bmp
kos14_Part6_label.jpg,-1,-1.0,-1.0,-1.0,-1.0,0,kos14\Part6_label.bmp
kos14_Part7_label.jpg,0,0.339,0.749,0.314,0.094,1,kos14\Part7_label.bmp
kos15_Part0_label.jpg,-1,-1.0,-1.0,-1.0,-1.0,0,kos15\Part0_label.bmp
kos15_Part1_label.jpg,-1,-1.0,-1.0,-1.0,-1.0,0,kos15\Part1_label.bmp
kos15_Part2_label.jpg,-1,-1.0,-1.0,-1.0,-1.0,0,kos15\Part2_label.bmp
kos15_Part3_label.jpg,0,0.744,0.702,0.512,0.092,1,kos15\Part3_label.bmp
kos15_Part4_label.jpg,-1,-1.0,-1.0,-1.0,-1.0,0,kos15\Part4_label.bmp
kos15_Part5_label.jpg,-1,-1.0,-1.0,-1.0,-1.0,0,kos15\Part5_label.bmp
kos15_Part6_label.jpg,-1,-1.0,-1.0,-1.0,-1.0,0,kos15\Part6_label.bmp
kos15_Part7_label.jpg,-1,-1.0,-1.0,-1.0,-1.0,0,kos15\Part7_label.bmp
kos16_Part0_label.jpg,-1,-1.0,-1.0,-1.0,-1.0,0,kos16\Part0_label.bmp
kos16_Part1_label.jpg,-1,-1.0,-1.0,-1.0,-1.0,0,kos16\Part1_label.bmp
kos16_Part2_label.jpg,-1,-1.0,-1.0,-1.0,-1.0,0,kos16\Part2_label.bmp
kos16_Part3_label.jpg,-1,-1.0,-1.0,-1.0,-1.0,0,kos16\Part3_label.bmp
kos16_Part4_label.jpg,-1,-1.0,-1.0,-1.0,-1.0,0,kos16\Part4_label.bmp
kos16_Part5_label.jpg,0,0.767,0.515,0.466,0.066,1,kos16\Part5_label.bmp
kos16_Part6_label.jpg,-1,-1.0,-1.0,-1.0,-1.0,0,kos16\Part6_label.bmp
kos16_Part7_label.jpg,-1,-1.0,-1.0,-1.0,-1.0,0,kos16\Part7_label.bmp
kos17_Part0_label.jpg,-1,-1.0,-1.0,-1.0,-1.0,0,kos17\Part0_label.bmp
kos17_Part1_label.jpg,-1,-1.0,-1.0,-1.0,-1.0,0,kos17\Part1_label.bmp
kos17_Part2_label.jpg,-1,-1.0,-1.0,-1.0,-1.0,0,kos17\Part2_label.bmp
kos17_Part3_label.jpg,-1,-1.0,-1.0,-1.0,-1.0,0,kos17\Part3_label.bmp
kos17_Part4_label.jpg,-1,-1.0,-1.0,-1.0,-1.0,0,kos17\Part4_label.bmp
kos17_Part5_label.jpg,0,0.207,0.457,0.006,0.002,1,kos17\Part5_label.bmp
kos17_Part5_label.jpg,0,0.303,0.455,0.01,0.002,1,kos17\Part5_label.bmp
kos17_Part5_label.jpg,0,0.29,0.453,0.012,0.002,1,kos17\Part5_label.bmp
kos17_Part5_label.jpg,0,0.273,0.455,0.018,0.01,1,kos17\Part5_label.bmp
kos17_Part5_label.jpg,0,0.663,0.441,0.674,0.03,1,kos17\Part5_label.bmp
kos17_Part6_label.jpg,-1,-1.0,-1.0,-1.0,-1.0,0,kos17\Part6_label.bmp
kos17_Part7_label.jpg,-1,-1.0,-1.0,-1.0,-1.0,0,kos17\Part7_label.bmp
kos18_Part0_label.jpg,-1,-1.0,-1.0,-1.0,-1.0,0,kos18\Part0_label.bmp
kos18_Part1_label.jpg,-1,-1.0,-1.0,-1.0,-1.0,0,kos18\Part1_label.bmp
kos18_Part2_label.jpg,-1,-1.0,-1.0,-1.0,-1.0,0,kos18\Part2_label.bmp
kos18_Part3_label.jpg,0,0.797,0.481,0.406,0.034,1,kos18\Part3_label.bmp
kos18_Part4_label.jpg,-1,-1.0,-1.0,-1.0,-1.0,0,kos18\Part4_label.bmp
kos18_Part5_label.jpg,-1,-1.0,-1.0,-1.0,-1.0,0,kos18\Part5_label.bmp
kos18_Part6_label.jpg,-1,-1.0,-1.0,-1.0,-1.0,0,kos18\Part6_label.bmp
kos18_Part7_label.jpg,-1,-1.0,-1.0,-1.0,-1.0,0,kos18\Part7_label.bmp
kos19_Part0_label.jpg,-1,-1.0,-1.0,-1.0,-1.0,0,kos19\Part0_label.bmp
kos19_Part1_label.jpg,-1,-1.0,-1.0,-1.0,-1.0,0,kos19\Part1_label.bmp
kos19_Part2_label.jpg,-1,-1.0,-1.0,-1.0,-1.0,0,kos19\Part2_label.bmp
kos19_Part3_label.jpg,-1,-1.0,-1.0,-1.0,-1.0,0,kos19\Part3_label.bmp
kos19_Part4_label.jpg,-1,-1.0,-1.0,-1.0,-1.0,0,kos19\Part4_label.bmp
kos19_Part5_label.jpg,0,0.683,0.497,0.634,0.07,1,kos19\Part5_label.bmp
kos19_Part5_label.jpg,0,0.347,0.463,0.018,0.002,1,kos19\Part5_label.bmp
kos19_Part5_label.jpg,0,0.226,0.459,0.028,0.002,1,kos19\Part5_label.bmp
kos19_Part5_label.jpg,0,0.289,0.459,0.09,0.006,1,kos19\Part5_label.bmp
kos19_Part6_label.jpg,-1,-1.0,-1.0,-1.0,-1.0,0,kos19\Part6_label.bmp
kos19_Part7_label.jpg,-1,-1.0,-1.0,-1.0,-1.0,0,kos19\Part7_label.bmp
kos20_Part0_label.jpg,-1,-1.0,-1.0,-1.0,-1.0,0,kos20\Part0_label.bmp
kos20_Part1_label.jpg,-1,-1.0,-1.0,-1.0,-1.0,0,kos20\Part1_label.bmp
kos20_Part2_label.jpg,-1,-1.0,-1.0,-1.0,-1.0,0,kos20\Part2_label.bmp
kos20_Part3_label.jpg,-1,-1.0,-1.0,-1.0,-1.0,0,kos20\Part3_label.bmp
kos20_Part4_label.jpg,0,0.507,0.471,0.35,0.01,1,kos20\Part4_label.bmp
kos20_Part4_label.jpg,0,0.829,0.432,0.342,0.072,1,kos20\Part4_label.bmp
kos20_Part5_label.jpg,-1,-1.0,-1.0,-1.0,-1.0,0,kos20\Part5_label.bmp
kos20_Part6_label.jpg,-1,-1.0,-1.0,-1.0,-1.0,0,kos20\Part6_label.bmp
kos20_Part7_label.jpg,-1,-1.0,-1.0,-1.0,-1.0,0,kos20\Part7_label.bmp
kos21_Part0_label.jpg,-1,-1.0,-1.0,-1.0,-1.0,0,kos21\Part0_label.bmp
kos21_Part1_label.jpg,-1,-1.0,-1.0,-1.0,-1.0,0,kos21\Part1_label.bmp
kos21_Part2_label.jpg,-1,-1.0,-1.0,-1.0,-1.0,0,kos21\Part2_label.bmp
kos21_Part3_label.jpg,-1,-1.0,-1.0,-1.0,-1.0,0,kos21\Part3_label.bmp
kos21_Part4_label.jpg,-1,-1.0,-1.0,-1.0,-1.0,0,kos21\Part4_label.bmp
kos21_Part5_label.jpg,0,0.7,0.474,0.6,0.052,1,kos21\Part5_label.bmp
kos21_Part6_label.jpg,-1,-1.0,-1.0,-1.0,-1.0,0,kos21\Part6_label.bmp
kos22_Part0_label.jpg,-1,-1.0,-1.0,-1.0,-1.0,0,kos22\Part0_label.bmp
kos22_Part1_label.jpg,-1,-1.0,-1.0,-1.0,-1.0,0,kos22\Part1_label.bmp
kos22_Part2_label.jpg,-1,-1.0,-1.0,-1.0,-1.0,0,kos22\Part2_label.bmp
kos22_Part3_label.jpg,-1,-1.0,-1.0,-1.0,-1.0,0,kos22\Part3_label.bmp
kos22_Part4_label.jpg,-1,-1.0,-1.0,-1.0,-1.0,0,kos22\Part4_label.bmp
kos22_Part5_label.jpg,-1,-1.0,-1.0,-1.0,-1.0,0,kos22\Part5_label.bmp
kos22_Part6_label.jpg,0,0.755,0.517,0.49,0.05,1,kos22\Part6_label.bmp
kos22_Part7_label.jpg,-1,-1.0,-1.0,-1.0,-1.0,0,kos22\Part7_label.bmp
kos23_Part0_label.jpg,-1,-1.0,-1.0,-1.0,-1.0,0,kos23\Part0_label.bmp
kos23_Part1_label.jpg,-1,-1.0,-1.0,-1.0,-1.0,0,kos23\Part1_label.bmp
kos23_Part2_label.jpg,-1,-1.0,-1.0,-1.0,-1.0,0,kos23\Part2_label.bmp
kos23_Part3_label.jpg,-1,-1.0,-1.0,-1.0,-1.0,0,kos23\Part3_label.bmp
kos23_Part4_label.jpg,-1,-1.0,-1.0,-1.0,-1.0,0,kos23\Part4_label.bmp
kos23_Part5_label.jpg,-1,-1.0,-1.0,-1.0,-1.0,0,kos23\Part5_label.bmp
kos23_Part6_label.jpg,0,0.652,0.549,0.696,0.038,1,kos23\Part6_label.bmp
kos23_Part7_label.jpg,-1,-1.0,-1.0,-1.0,-1.0,0,kos23\Part7_label.bmp
kos24_Part0_label.jpg,-1,-1.0,-1.0,-1.0,-1.0,0,kos24\Part0_label.bmp
kos24_Part1_label.jpg,0,0.807,0.45,0.386,0.02,1,kos24\Part1_label.bmp
kos24_Part2_label.jpg,-1,-1.0,-1.0,-1.0,-1.0,0,kos24\Part2_label.bmp
kos24_Part3_label.jpg,-1,-1.0,-1.0,-1.0,-1.0,0,kos24\Part3_label.bmp
kos24_Part4_label.jpg,-1,-1.0,-1.0,-1.0,-1.0,0,kos24\Part4_label.bmp
kos24_Part5_label.jpg,-1,-1.0,-1.0,-1.0,-1.0,0,kos24\Part5_label.bmp
kos24_Part6_label.jpg,-1,-1.0,-1.0,-1.0,-1.0,0,kos24\Part6_label.bmp
kos24_Part7_label.jpg,-1,-1.0,-1.0,-1.0,-1.0,0,kos24\Part7_label.bmp
kos25_Part0_label.jpg,-1,-1.0,-1.0,-1.0,-1.0,0,kos25\Part0_label.bmp
kos25_Part1_label.jpg,-1,-1.0,-1.0,-1.0,-1.0,0,kos25\Part1_label.bmp
kos25_Part2_label.jpg,-1,-1.0,-1.0,-1.0,-1.0,0,kos25\Part2_label.bmp
kos25_Part3_label.jpg,-1,-1.0,-1.0,-1.0,-1.0,0,kos25\Part3_label.bmp
kos25_Part4_label.jpg,0,0.71,0.491,0.58,0.054,1,kos25\Part4_label.bmp
kos25_Part4_label.jpg,0,0.398,0.465,0.036,0.006,1,kos25\Part4_label.bmp
kos25_Part5_label.jpg,-1,-1.0,-1.0,-1.0,-1.0,0,kos25\Part5_label.bmp
kos25_Part6_label.jpg,-1,-1.0,-1.0,-1.0,-1.0,0,kos25\Part6_label.bmp
kos25_Part7_label.jpg,-1,-1.0,-1.0,-1.0,-1.0,0,kos25\Part7_label.bmp
kos26_Part0_label.jpg,-1,-1.0,-1.0,-1.0,-1.0,0,kos26\Part0_label.bmp
kos26_Part1_label.jpg,-1,-1.0,-1.0,-1.0,-1.0,0,kos26\Part1_label.bmp
kos26_Part2_label.jpg,-1,-1.0,-1.0,-1.0,-1.0,0,kos26\Part2_label.bmp
kos26_Part3_label.jpg,-1,-1.0,-1.0,-1.0,-1.0,0,kos26\Part3_label.bmp
kos26_Part4_label.jpg,-1,-1.0,-1.0,-1.0,-1.0,0,kos26\Part4_label.bmp
kos26_Part5_label.jpg,0,0.697,0.468,0.498,0.036,1,kos26\Part5_label.bmp
kos26_Part6_label.jpg,-1,-1.0,-1.0,-1.0,-1.0,0,kos26\Part6_label.bmp
kos26_Part7_label.jpg,-1,-1.0,-1.0,-1.0,-1.0,0,kos26\Part7_label.bmp
kos27_Part0_label.jpg,0,0.752,0.462,0.496,0.048,1,kos27\Part0_label.bmp
kos27_Part1_label.jpg,-1,-1.0,-1.0,-1.0,-1.0,0,kos27\Part1_label.bmp
kos27_Part2_label.jpg,-1,-1.0,-1.0,-1.0,-1.0,0,kos27\Part2_label.bmp
kos27_Part3_label.jpg,-1,-1.0,-1.0,-1.0,-1.0,0,kos27\Part3_label.bmp
kos27_Part4_label.jpg,-1,-1.0,-1.0,-1.0,-1.0,0,kos27\Part4_label.bmp
kos27_Part5_label.jpg,-1,-1.0,-1.0,-1.0,-1.0,0,kos27\Part5_label.bmp
kos27_Part6_label.jpg,-1,-1.0,-1.0,-1.0,-1.0,0,kos27\Part6_label.bmp
kos27_Part7_label.jpg,-1,-1.0,-1.0,-1.0,-1.0,0,kos27\Part7_label.bmp
kos28_Part0_label.jpg,-1,-1.0,-1.0,-1.0,-1.0,0,kos28\Part0_label.bmp
kos28_Part1_label.jpg,-1,-1.0,-1.0,-1.0,-1.0,0,kos28\Part1_label.bmp
kos28_Part2_label.jpg,-1,-1.0,-1.0,-1.0,-1.0,0,kos28\Part2_label.bmp
kos28_Part3_label.jpg,0,0.299,0.492,0.03,0.004,1,kos28\Part3_label.bmp
kos28_Part3_label.jpg,0,0.253,0.488,0.054,0.004,1,kos28\Part3_label.bmp
kos28_Part3_label.jpg,0,0.659,0.492,0.682,0.068,1,kos28\Part3_label.bmp
kos28_Part4_label.jpg,-1,-1.0,-1.0,-1.0,-1.0,0,kos28\Part4_label.bmp
kos28_Part5_label.jpg,-1,-1.0,-1.0,-1.0,-1.0,0,kos28\Part5_label.bmp
kos28_Part6_label.jpg,-1,-1.0,-1.0,-1.0,-1.0,0,kos28\Part6_label.bmp
kos28_Part7_label.jpg,-1,-1.0,-1.0,-1.0,-1.0,0,kos28\Part7_label.bmp
kos29_Part0_label.jpg,0,0.665,0.6,0.67,0.104,1,kos29\Part0_label.bmp
kos29_Part0_label.jpg,0,0.325,0.547,0.006,0.002,1,kos29\Part0_label.bmp
kos29_Part1_label.jpg,-1,-1.0,-1.0,-1.0,-1.0,0,kos29\Part1_label.bmp
kos29_Part2_label.jpg,-1,-1.0,-1.0,-1.0,-1.0,0,kos29\Part2_label.bmp
kos29_Part3_label.jpg,-1,-1.0,-1.0,-1.0,-1.0,0,kos29\Part3_label.bmp
kos29_Part4_label.jpg,-1,-1.0,-1.0,-1.0,-1.0,0,kos29\Part4_label.bmp
kos29_Part5_label.jpg,-1,-1.0,-1.0,-1.0,-1.0,0,kos29\Part5_label.bmp
kos29_Part6_label.jpg,-1,-1.0,-1.0,-1.0,-1.0,0,kos29\Part6_label.bmp
kos29_Part7_label.jpg,-1,-1.0,-1.0,-1.0,-1.0,0,kos29\Part7_label.bmp
kos30_Part0_label.jpg,0,0.685,0.625,0.63,0.034,1,kos30\Part0_label.bmp
kos30_Part1_label.jpg,-1,-1.0,-1.0,-1.0,-1.0,0,kos30\Part1_label.bmp
kos30_Part2_label.jpg,-1,-1.0,-1.0,-1.0,-1.0,0,kos30\Part2_label.bmp
kos30_Part3_label.jpg,-1,-1.0,-1.0,-1.0,-1.0,0,kos30\Part3_label.bmp
kos30_Part4_label.jpg,-1,-1.0,-1.0,-1.0,-1.0,0,kos30\Part4_label.bmp
kos30_Part5_label.jpg,-1,-1.0,-1.0,-1.0,-1.0,0,kos30\Part5_label.bmp
kos30_Part6_label.jpg,-1,-1.0,-1.0,-1.0,-1.0,0,kos30\Part6_label.bmp
kos30_Part7_label.jpg,-1,-1.0,-1.0,-1.0,-1.0,0,kos30\Part7_label.bmp
kos31_Part0_label.jpg,-1,-1.0,-1.0,-1.0,-1.0,0,kos31\Part0_label.bmp
kos31_Part1_label.jpg,0,0.639,0.507,0.722,0.034,1,kos31\Part1_label.bmp
kos31_Part2_label.jpg,-1,-1.0,-1.0,-1.0,-1.0,0,kos31\Part2_label.bmp
kos31_Part3_label.jpg,-1,-1.0,-1.0,-1.0,-1.0,0,kos31\Part3_label.bmp
kos31_Part4_label.jpg,-1,-1.0,-1.0,-1.0,-1.0,0,kos31\Part4_label.bmp
kos31_Part5_label.jpg,-1,-1.0,-1.0,-1.0,-1.0,0,kos31\Part5_label.bmp
kos31_Part6_label.jpg,-1,-1.0,-1.0,-1.0,-1.0,0,kos31\Part6_label.bmp
kos31_Part7_label.jpg,-1,-1.0,-1.0,-1.0,-1.0,0,kos31\Part7_label.bmp
kos32_Part0_label.jpg,-1,-1.0,-1.0,-1.0,-1.0,0,kos32\Part0_label.bmp
kos32_Part1_label.jpg,-1,-1.0,-1.0,-1.0,-1.0,0,kos32\Part1_label.bmp
kos32_Part2_label.jpg,0,0.766,0.445,0.468,0.03,1,kos32\Part2_label.bmp
kos32_Part3_label.jpg,-1,-1.0,-1.0,-1.0,-1.0,0,kos32\Part3_label.bmp
kos32_Part4_label.jpg,-1,-1.0,-1.0,-1.0,-1.0,0,kos32\Part4_label.bmp
kos32_Part5_label.jpg,-1,-1.0,-1.0,-1.0,-1.0,0,kos32\Part5_label.bmp
kos32_Part6_label.jpg,-1,-1.0,-1.0,-1.0,-1.0,0,kos32\Part6_label.bmp
kos32_Part7_label.jpg,-1,-1.0,-1.0,-1.0,-1.0,0,kos32\Part7_label.bmp
kos33_Part0_label.jpg,-1,-1.0,-1.0,-1.0,-1.0,0,kos33\Part0_label.bmp
kos33_Part1_label.jpg,-1,-1.0,-1.0,-1.0,-1.0,0,kos33\Part1_label.bmp
kos33_Part2_label.jpg,-1,-1.0,-1.0,-1.0,-1.0,0,kos33\Part2_label.bmp
kos33_Part3_label.jpg,-1,-1.0,-1.0,-1.0,-1.0,0,kos33\Part3_label.bmp
kos33_Part4_label.jpg,-1,-1.0,-1.0,-1.0,-1.0,0,kos33\Part4_label.bmp
kos33_Part5_label.jpg,-1,-1.0,-1.0,-1.0,-1.0,0,kos33\Part5_label.bmp
kos33_Part6_label.jpg,0,0.702,0.468,0.596,0.036,1,kos33\Part6_label.bmp
kos33_Part7_label.jpg,-1,-1.0,-1.0,-1.0,-1.0,0,kos33\Part7_label.bmp
kos34_Part0_label.jpg,0,0.753,0.474,0.494,0.024,1,kos34\Part0_label.bmp
kos34_Part0_label.jpg,0,0.97,0.449,0.06,0.018,1,kos34\Part0_label.bmp
kos34_Part1_label.jpg,-1,-1.0,-1.0,-1.0,-1.0,0,kos34\Part1_label.bmp
kos34_Part2_label.jpg,-1,-1.0,-1.0,-1.0,-1.0,0,kos34\Part2_label.bmp
kos34_Part3_label.jpg,-1,-1.0,-1.0,-1.0,-1.0,0,kos34\Part3_label.bmp
kos34_Part4_label.jpg,-1,-1.0,-1.0,-1.0,-1.0,0,kos34\Part4_label.bmp
kos34_Part5_label.jpg,-1,-1.0,-1.0,-1.0,-1.0,0,kos34\Part5_label.bmp
kos34_Part6_label.jpg,-1,-1.0,-1.0,-1.0,-1.0,0,kos34\Part6_label.bmp
kos34_Part7_label.jpg,-1,-1.0,-1.0,-1.0,-1.0,0,kos34\Part7_label.bmp
kos35_Part0_label.jpg,-1,-1.0,-1.0,-1.0,-1.0,0,kos35\Part0_label.bmp
kos35_Part1_label.jpg,-1,-1.0,-1.0,-1.0,-1.0,0,kos35\Part1_label.bmp
kos35_Part2_label.jpg,-1,-1.0,-1.0,-1.0,-1.0,0,kos35\Part2_label.bmp
kos35_Part3_label.jpg,-1,-1.0,-1.0,-1.0,-1.0,0,kos35\Part3_label.bmp
kos35_Part4_label.jpg,-1,-1.0,-1.0,-1.0,-1.0,0,kos35\Part4_label.bmp
kos35_Part5_label.jpg,0,0.617,0.505,0.062,0.006,1,kos35\Part5_label.bmp
kos35_Part5_label.jpg,0,0.826,0.524,0.348,0.052,1,kos35\Part5_label.bmp
kos35_Part6_label.jpg,-1,-1.0,-1.0,-1.0,-1.0,0,kos35\Part6_label.bmp
kos35_Part7_label.jpg,-1,-1.0,-1.0,-1.0,-1.0,0,kos35\Part7_label.bmp
kos36_Part0_label.jpg,-1,-1.0,-1.0,-1.0,-1.0,0,kos36\Part0_label.bmp
kos36_Part1_label.jpg,-1,-1.0,-1.0,-1.0,-1.0,0,kos36\Part1_label.bmp
kos36_Part2_label.jpg,-1,-1.0,-1.0,-1.0,-1.0,0,kos36\Part2_label.bmp
kos36_Part3_label.jpg,0,0.253,0.413,0.034,0.006,1,kos36\Part3_label.bmp
kos36_Part3_label.jpg,0,0.632,0.44,0.736,0.064,1,kos36\Part3_label.bmp
kos36_Part4_label.jpg,-1,-1.0,-1.0,-1.0,-1.0,0,kos36\Part4_label.bmp
kos36_Part5_label.jpg,-1,-1.0,-1.0,-1.0,-1.0,0,kos36\Part5_label.bmp
kos36_Part6_label.jpg,-1,-1.0,-1.0,-1.0,-1.0,0,kos36\Part6_label.bmp
kos36_Part7_label.jpg,-1,-1.0,-1.0,-1.0,-1.0,0,kos36\Part7_label.bmp
kos37_Part0_label.jpg,0,0.649,0.549,0.702,0.026,1,kos37\Part0_label.bmp
kos37_Part1_label.jpg,-1,-1.0,-1.0,-1.0,-1.0,0,kos37\Part1_label.bmp
kos37_Part2_label.jpg,-1,-1.0,-1.0,-1.0,-1.0,0,kos37\Part2_label.bmp
kos37_Part3_label.jpg,-1,-1.0,-1.0,-1.0,-1.0,0,kos37\Part3_label.bmp
kos37_Part4_label.jpg,-1,-1.0,-1.0,-1.0,-1.0,0,kos37\Part4_label.bmp
kos37_Part5_label.jpg,-1,-1.0,-1.0,-1.0,-1.0,0,kos37\Part5_label.bmp
kos37_Part6_label.jpg,-1,-1.0,-1.0,-1.0,-1.0,0,kos37\Part6_label.bmp
kos37_Part7_label.jpg,-1,-1.0,-1.0,-1.0,-1.0,0,kos37\Part7_label.bmp
kos38_Part0_label.jpg,0,0.669,0.55,0.662,0.068,1,kos38\Part0_label.bmp
kos38_Part1_label.jpg,0,0.335,0.384,0.338,0.012,1,kos38\Part1_label.bmp
kos38_Part1_label.jpg,0,0.758,0.379,0.484,0.026,1,kos38\Part1_label.bmp
kos38_Part2_label.jpg,-1,-1.0,-1.0,-1.0,-1.0,0,kos38\Part2_label.bmp
kos38_Part3_label.jpg,-1,-1.0,-1.0,-1.0,-1.0,0,kos38\Part3_label.bmp
kos38_Part4_label.jpg,-1,-1.0,-1.0,-1.0,-1.0,0,kos38\Part4_label.bmp
kos38_Part5_label.jpg,-1,-1.0,-1.0,-1.0,-1.0,0,kos38\Part5_label.bmp
kos38_Part6_label.jpg,-1,-1.0,-1.0,-1.0,-1.0,0,kos38\Part6_label.bmp
kos38_Part7_label.jpg,-1,-1.0,-1.0,-1.0,-1.0,0,kos38\Part7_label.bmp
kos39_Part0_label.jpg,-1,-1.0,-1.0,-1.0,-1.0,0,kos39\Part0_label.bmp
kos39_Part1_label.jpg,-1,-1.0,-1.0,-1.0,-1.0,0,kos39\Part1_label.bmp
kos39_Part2_label.jpg,-1,-1.0,-1.0,-1.0,-1.0,0,kos39\Part2_label.bmp
kos39_Part3_label.jpg,-1,-1.0,-1.0,-1.0,-1.0,0,kos39\Part3_label.bmp
kos39_Part4_label.jpg,-1,-1.0,-1.0,-1.0,-1.0,0,kos39\Part4_label.bmp
kos39_Part5_label.jpg,-1,-1.0,-1.0,-1.0,-1.0,0,kos39\Part5_label.bmp
kos39_Part6_label.jpg,0,0.476,0.578,0.096,0.008,1,kos39\Part6_label.bmp
kos39_Part6_label.jpg,0,0.547,0.571,0.038,0.006,1,kos39\Part6_label.bmp
kos39_Part6_label.jpg,0,0.57,0.567,0.004,0.002,1,kos39\Part6_label.bmp
kos39_Part6_label.jpg,0,0.581,0.565,0.006,0.002,1,kos39\Part6_label.bmp
kos39_Part6_label.jpg,0,0.592,0.563,0.008,0.002,1,kos39\Part6_label.bmp
kos39_Part6_label.jpg,0,0.8,0.541,0.4,0.046,1,kos39\Part6_label.bmp
kos39_Part7_label.jpg,0,0.647,0.38,0.706,0.032,1,kos39\Part7_label.bmp
kos40_Part0_label.jpg,-1,-1.0,-1.0,-1.0,-1.0,0,kos40\Part0_label.bmp
kos40_Part1_label.jpg,-1,-1.0,-1.0,-1.0,-1.0,0,kos40\Part1_label.bmp
kos40_Part2_label.jpg,-1,-1.0,-1.0,-1.0,-1.0,0,kos40\Part2_label.bmp
kos40_Part3_label.jpg,-1,-1.0,-1.0,-1.0,-1.0,0,kos40\Part3_label.bmp
kos40_Part4_label.jpg,-1,-1.0,-1.0,-1.0,-1.0,0,kos40\Part4_label.bmp
kos40_Part5_label.jpg,0,0.247,0.559,0.002,0.002,1,kos40\Part5_label.bmp
kos40_Part5_label.jpg,0,0.625,0.56,0.75,0.032,1,kos40\Part5_label.bmp
kos40_Part6_label.jpg,-1,-1.0,-1.0,-1.0,-1.0,0,kos40\Part6_label.bmp
kos40_Part7_label.jpg,-1,-1.0,-1.0,-1.0,-1.0,0,kos40\Part7_label.bmp
kos41_Part0_label.jpg,-1,-1.0,-1.0,-1.0,-1.0,0,kos41\Part0_label.bmp
kos41_Part1_label.jpg,-1,-1.0,-1.0,-1.0,-1.0,0,kos41\Part1_label.bmp
kos41_Part2_label.jpg,-1,-1.0,-1.0,-1.0,-1.0,0,kos41\Part2_label.bmp
kos41_Part3_label.jpg,-1,-1.0,-1.0,-1.0,-1.0,0,kos41\Part3_label.bmp
kos41_Part4_label.jpg,-1,-1.0,-1.0,-1.0,-1.0,0,kos41\Part4_label.bmp
kos41_Part5_label.jpg,-1,-1.0,-1.0,-1.0,-1.0,0,kos41\Part5_label.bmp
kos41_Part6_label.jpg,-1,-1.0,-1.0,-1.0,-1.0,0,kos41\Part6_label.bmp
kos41_Part7_label.jpg,0,0.438,0.504,0.044,0.008,1,kos41\Part7_label.bmp
kos41_Part7_label.jpg,0,0.732,0.467,0.536,0.07,1,kos41\Part7_label.bmp
kos42_Part0_label.jpg,-1,-1.0,-1.0,-1.0,-1.0,0,kos42\Part0_label.bmp
kos42_Part1_label.jpg,-1,-1.0,-1.0,-1.0,-1.0,0,kos42\Part1_label.bmp
kos42_Part2_label.jpg,-1,-1.0,-1.0,-1.0,-1.0,0,kos42\Part2_label.bmp
kos42_Part3_label.jpg,0,0.421,0.507,0.106,0.01,1,kos42\Part3_label.bmp
kos42_Part3_label.jpg,0,0.364,0.501,0.004,0.002,1,kos42\Part3_label.bmp
kos42_Part3_label.jpg,0,0.739,0.501,0.522,0.03,1,kos42\Part3_label.bmp
kos42_Part4_label.jpg,-1,-1.0,-1.0,-1.0,-1.0,0,kos42\Part4_label.bmp
kos42_Part5_label.jpg,-1,-1.0,-1.0,-1.0,-1.0,0,kos42\Part5_label.bmp
kos42_Part6_label.jpg,-1,-1.0,-1.0,-1.0,-1.0,0,kos42\Part6_label.bmp
kos42_Part7_label.jpg,-1,-1.0,-1.0,-1.0,-1.0,0,kos42\Part7_label.bmp
kos43_Part0_label.jpg,-1,-1.0,-1.0,-1.0,-1.0,0,kos43\Part0_label.bmp
kos43_Part1_label.jpg,0,0.633,0.391,0.734,0.07,1,kos43\Part1_label.bmp
kos43_Part2_label.jpg,-1,-1.0,-1.0,-1.0,-1.0,0,kos43\Part2_label.bmp
kos43_Part3_label.jpg,-1,-1.0,-1.0,-1.0,-1.0,0,kos43\Part3_label.bmp
kos43_Part4_label.jpg,-1,-1.0,-1.0,-1.0,-1.0,0,kos43\Part4_label.bmp
kos43_Part5_label.jpg,-1,-1.0,-1.0,-1.0,-1.0,0,kos43\Part5_label.bmp
kos43_Part6_label.jpg,-1,-1.0,-1.0,-1.0,-1.0,0,kos43\Part6_label.bmp
kos43_Part7_label.jpg,-1,-1.0,-1.0,-1.0,-1.0,0,kos43\Part7_label.bmp
kos44_Part0_label.jpg,-1,-1.0,-1.0,-1.0,-1.0,0,kos44\Part0_label.bmp
kos44_Part1_label.jpg,-1,-1.0,-1.0,-1.0,-1.0,0,kos44\Part1_label.bmp
kos44_Part2_label.jpg,-1,-1.0,-1.0,-1.0,-1.0,0,kos44\Part2_label.bmp
kos44_Part3_label.jpg,-1,-1.0,-1.0,-1.0,-1.0,0,kos44\Part3_label.bmp
kos44_Part4_label.jpg,-1,-1.0,-1.0,-1.0,-1.0,0,kos44\Part4_label.bmp
kos44_Part5_label.jpg,-1,-1.0,-1.0,-1.0,-1.0,0,kos44\Part5_label.bmp
kos44_Part6_label.jpg,0,0.714,0.525,0.572,0.042,1,kos44\Part6_label.bmp
kos44_Part7_label.jpg,-1,-1.0,-1.0,-1.0,-1.0,0,kos44\Part7_label.bmp
kos45_Part0_label.jpg,-1,-1.0,-1.0,-1.0,-1.0,0,kos45\Part0_label.bmp
kos45_Part1_label.jpg,-1,-1.0,-1.0,-1.0,-1.0,0,kos45\Part1_label.bmp
kos45_Part2_label.jpg,-1,-1.0,-1.0,-1.0,-1.0,0,kos45\Part2_label.bmp
kos45_Part3_label.jpg,0,0.746,0.506,0.508,0.076,1,kos45\Part3_label.bmp
kos45_Part4_label.jpg,-1,-1.0,-1.0,-1.0,-1.0,0,kos45\Part4_label.bmp
kos45_Part5_label.jpg,-1,-1.0,-1.0,-1.0,-1.0,0,kos45\Part5_label.bmp
kos45_Part6_label.jpg,-1,-1.0,-1.0,-1.0,-1.0,0,kos45\Part6_label.bmp
kos45_Part7_label.jpg,-1,-1.0,-1.0,-1.0,-1.0,0,kos45\Part7_label.bmp
kos46_Part0_label.jpg,-1,-1.0,-1.0,-1.0,-1.0,0,kos46\Part0_label.bmp
kos46_Part1_label.jpg,-1,-1.0,-1.0,-1.0,-1.0,0,kos46\Part1_label.bmp
kos46_Part2_label.jpg,-1,-1.0,-1.0,-1.0,-1.0,0,kos46\Part2_label.bmp
kos46_Part3_label.jpg,-1,-1.0,-1.0,-1.0,-1.0,0,kos46\Part3_label.bmp
kos46_Part4_label.jpg,-1,-1.0,-1.0,-1.0,-1.0,0,kos46\Part4_label.bmp
kos46_Part5_label.jpg,-1,-1.0,-1.0,-1.0,-1.0,0,kos46\Part5_label.bmp
kos46_Part6_label.jpg,-1,-1.0,-1.0,-1.0,-1.0,0,kos46\Part6_label.bmp
kos46_Part7_label.jpg,0,0.82,0.577,0.36,0.018,1,kos46\Part7_label.bmp
kos47_Part0_label.jpg,-1,-1.0,-1.0,-1.0,-1.0,0,kos47\Part0_label.bmp
kos47_Part1_label.jpg,-1,-1.0,-1.0,-1.0,-1.0,0,kos47\Part1_label.bmp
kos47_Part2_label.jpg,0,0.553,0.574,0.034,0.004,1,kos47\Part2_label.bmp
kos47_Part2_label.jpg,0,0.786,0.604,0.428,0.08,1,kos47\Part2_label.bmp
kos47_Part3_label.jpg,-1,-1.0,-1.0,-1.0,-1.0,0,kos47\Part3_label.bmp
kos47_Part4_label.jpg,-1,-1.0,-1.0,-1.0,-1.0,0,kos47\Part4_label.bmp
kos47_Part5_label.jpg,-1,-1.0,-1.0,-1.0,-1.0,0,kos47\Part5_label.bmp
kos47_Part6_label.jpg,-1,-1.0,-1.0,-1.0,-1.0,0,kos47\Part6_label.bmp
kos47_Part7_label.jpg,-1,-1.0,-1.0,-1.0,-1.0,0,kos47\Part7_label.bmp
kos48_Part0_label.jpg,-1,-1.0,-1.0,-1.0,-1.0,0,kos48\Part0_label.bmp
kos48_Part1_label.jpg,-1,-1.0,-1.0,-1.0,-1.0,0,kos48\Part1_label.bmp
kos48_Part2_label.jpg,-1,-1.0,-1.0,-1.0,-1.0,0,kos48\Part2_label.bmp
kos48_Part3_label.jpg,-1,-1.0,-1.0,-1.0,-1.0,0,kos48\Part3_label.bmp
kos48_Part4_label.jpg,-1,-1.0,-1.0,-1.0,-1.0,0,kos48\Part4_label.bmp
kos48_Part5_label.jpg,0,0.633,0.626,0.734,0.036,1,kos48\Part5_label.bmp
kos48_Part6_label.jpg,-1,-1.0,-1.0,-1.0,-1.0,0,kos48\Part6_label.bmp
kos48_Part7_label.jpg,-1,-1.0,-1.0,-1.0,-1.0,0,kos48\Part7_label.bmp
kos49_Part0_label.jpg,-1,-1.0,-1.0,-1.0,-1.0,0,kos49\Part0_label.bmp
kos49_Part1_label.jpg,-1,-1.0,-1.0,-1.0,-1.0,0,kos49\Part1_label.bmp
kos49_Part2_label.jpg,0,0.693,0.417,0.614,0.046,1,kos49\Part2_label.bmp
kos49_Part3_label.jpg,-1,-1.0,-1.0,-1.0,-1.0,0,kos49\Part3_label.bmp
kos49_Part4_label.jpg,-1,-1.0,-1.0,-1.0,-1.0,0,kos49\Part4_label.bmp
kos49_Part5_label.jpg,-1,-1.0,-1.0,-1.0,-1.0,0,kos49\Part5_label.bmp
kos49_Part6_label.jpg,-1,-1.0,-1.0,-1.0,-1.0,0,kos49\Part6_label.bmp
kos49_Part7_label.jpg,-1,-1.0,-1.0,-1.0,-1.0,0,kos49\Part7_label.bmp
kos50_Part0_label.jpg,-1,-1.0,-1.0,-1.0,-1.0,0,kos50\Part0_label.bmp
kos50_Part1_label.jpg,-1,-1.0,-1.0,-1.0,-1.0,0,kos50\Part1_label.bmp
kos50_Part2_label.jpg,-1,-1.0,-1.0,-1.0,-1.0,0,kos50\Part2_label.bmp
kos50_Part3_label.jpg,-1,-1.0,-1.0,-1.0,-1.0,0,kos50\Part3_label.bmp
kos50_Part4_label.jpg,0,0.73,0.484,0.54,0.04,1,kos50\Part4_label.bmp
kos50_Part5_label.jpg,-1,-1.0,-1.0,-1.0,-1.0,0,kos50\Part5_label.bmp
kos50_Part6_label.jpg,-1,-1.0,-1.0,-1.0,-1.0,0,kos50\Part6_label.bmp
kos50_Part7_label.jpg,-1,-1.0,-1.0,-1.0,-1.0,0,kos50\Part7_label.bmp
